"","agent","X","Stock_Analysis","Year","orderID","brood_year","metric","resid_value","N","posdet","prev","mean_load","prevload","prev_std","load_std","Stock","plot.agent"
"1","arena2",3,"Chilko",2011,1309,2009,"SR_cov_resid",0.30629425435431,29,1,0.0344827586206897,0.358153377,0.0123501164482759,-0.311621599473136,-1.12672079971104,"Chilko","SPAV-2"
"2","arena2",4,"Chilko",2012,1310,2010,"SR_cov_resid",0.685458079567512,56,3,0.0535714285714286,10.968791421,0.587613826125,0.403498285634318,0.731358824049766,"Chilko","SPAV-2"
"3","arena2",5,"Chilko",2013,1311,2011,"SR_cov_resid",0.606684688038082,56,5,0.0892857142857143,15.4560880852,1.38000786475,1.74146452228697,1.51715082477065,"Chilko","SPAV-2"
"4","arena2",6,"Chilko",2014,1312,2012,"SR_cov_resid",0.742058742143178,30,1,0.0333333333333333,2.794153965,0.0931384655,-0.35468258180219,-0.700141074979817,"Chilko","SPAV-2"
"5","arena2",9,"Gates",2013,1480,2011,"SR_cov_resid",-0.341710855951546,12,0,0,NA,NA,-1.60345106934467,NA,"Gates","SPAV-2"
"6","arena2",19,"Quesnel",2015,1924,2013,"SR_cov_resid",-1.25651342926018,23,1,0.0434782608695652,7.853917091,0.341474656130435,0.0253773926672609,0.185898268412271,"Quesnel","SPAV-2"
"7","arena2",33,"Weaver",2015,2227,2013,"SR_cov_resid",-0.200278242308706,22,1,0.0454545454545455,3.322921603,0.151041891045455,0.0994150500314417,-0.607546042541829,"Weaver","SPAV-2"
"8","c_b_cys",36,"Chilko",2011,1309,2009,"SR_cov_resid",0.30629425435431,29,29,1,15104.2267308259,NA,0.90470928023414,2.38488283345168,"Chilko","Ca. B. cysticola"
"9","c_b_cys",37,"Chilko",2012,1310,2010,"SR_cov_resid",0.685458079567512,92,89,0.967391304347826,1723.0023806377,0,0.747500599636767,-0.405787039235009,"Chilko","Ca. B. cysticola"
"10","c_b_cys",38,"Chilko",2013,1311,2011,"SR_cov_resid",0.606684688038082,197,195,0.989847715736041,17976.1359398825,0,0.855764445665755,2.98382283304096,"Chilko","Ca. B. cysticola"
"11","c_b_cys",39,"Chilko",2014,1312,2012,"SR_cov_resid",0.742058742143178,30,30,1,6133.93712026,NA,0.90470928023414,0.514118521430518,"Chilko","Ca. B. cysticola"
"12","c_b_cys",40,"Chilko",2015,1313,2013,"SR_cov_resid",-1.10092223207761,23,22,0.956521739130435,1785.78259836277,0,0.695097706104311,-0.392694151945992,"Chilko","Ca. B. cysticola"
"13","c_b_cys",41,"Gates",2012,1479,2010,"SR_cov_resid",-1.14368456200958,11,8,0.727272727272727,169.882787358,0,-0.410126957489339,-0.729691933452264,"Gates","Ca. B. cysticola"
"14","c_b_cys",42,"Gates",2013,1480,2011,"SR_cov_resid",-0.341710855951546,40,30,0.75,1702.99081165597,0,-0.300557271012381,-0.409960475177866,"Gates","Ca. B. cysticola"
"15","c_b_cys",43,"Gates",2015,1482,2013,"SR_cov_resid",0.354033138866531,24,15,0.625,513.048225819533,0,-0.903190546635641,-0.658124382875441,"Gates","Ca. B. cysticola"
"16","c_b_cys",46,"Pitt",2013,1792,2011,"SR_cov_resid",1.12999545549457,30,9,0.3,3.20752436188889,0,-2.47003706325612,-0.764452253045803,"Pitt","Ca. B. cysticola"
"17","c_b_cys",48,"Portage",2013,1855,2011,"SR_cov_resid",-2.76094953064122,30,15,0.5,500.522250501133,0,-1.5058238222589,-0.660736689569677,"Portage","Ca. B. cysticola"
"18","c_b_cys",50,"Quesnel",2012,1921,2010,"SR_cov_resid",0.551398321188551,25,20,0.8,1751.36357895175,0,-0.0595039607630764,-0.399872278401693,"Quesnel","Ca. B. cysticola"
"19","c_b_cys",51,"Quesnel",2013,1922,2011,"SR_cov_resid",-1.11916717140012,95,75,0.789473684210526,1468.97754899793,0,-0.110252026078721,-0.458764212774547,"Quesnel","Ca. B. cysticola"
"20","c_b_cys",52,"Quesnel",2015,1924,2013,"SR_cov_resid",-1.25651342926018,44,31,0.704545454545455,2580.98596283971,0,-0.519696643966291,-0.226853567121354,"Quesnel","Ca. B. cysticola"
"21","c_b_cys",54,"Raft",2013,1989,2011,"SR_cov_resid",0.285596373739357,16,16,1,1787.95769272225,0,0.90470928023414,-0.392240533492224,"Raft","Ca. B. cysticola"
"22","c_b_cys",55,"Raft",2015,1991,2013,"SR_cov_resid",-1.63954921242504,29,19,0.655172413793103,5036.59481286432,0,-0.757727342174856,0.285266509302752,"Raft","Ca. B. cysticola"
"23","c_b_cys",57,"Scotch",2012,2039,2010,"SR_cov_resid",-0.581486679711928,22,22,1,3468.58379927182,0,0.90470928023414,-0.0417440079084005,"Scotch","Ca. B. cysticola"
"24","c_b_cys",60,"Seymour",2012,2106,2010,"SR_cov_resid",-0.654741715033726,19,19,1,4480.08792915579,0,0.90470928023414,0.169206352648529,"Seymour","Ca. B. cysticola"
"25","c_b_cys",63,"Stellako",2013,2174,2011,"SR_cov_resid",-1.07113210474373,47,44,0.936170212765957,1189.13517558452,0,0.596981650128643,-0.517125664622932,"Stellako","Ca. B. cysticola"
"26","c_b_cys",64,"Stellako",2015,2176,2013,"SR_cov_resid",-0.385136581427814,17,17,1,5790.04053069759,0,0.90470928023414,0.442398488442803,"Stellako","Ca. B. cysticola"
"27","c_b_cys",66,"Weaver",2015,2227,2013,"SR_cov_resid",-0.200278242308706,22,12,0.545454545454545,208.451667641167,0,-1.28668444930499,-0.721648348694044,"Weaver","Ca. B. cysticola"
"28","ce_sha",69,"Chilko",2011,1309,2009,"SR_cov_resid",0.30629425435431,29,1,0.0344827586206897,0.032965598,0.00113674475862069,-0.213116937532275,-0.530841636316039,"Chilko","C. shasta"
"29","ce_sha",70,"Chilko",2012,1310,2010,"SR_cov_resid",0.685458079567512,92,2,0.0217391304347826,4.512205489,0.098091423673913,-0.30405838755222,-0.405433957748739,"Chilko","C. shasta"
"30","ce_sha",71,"Chilko",2013,1311,2011,"SR_cov_resid",0.606684688038082,197,2,0.0101522842639594,9.1143140285,0.0925311068883249,-0.386744776119174,-0.276586259813857,"Chilko","C. shasta"
"31","ce_sha",72,"Chilko",2014,1312,2012,"SR_cov_resid",0.742058742143178,30,0,0,NA,NA,-0.459193802292124,NA,"Chilko","C. shasta"
"32","ce_sha",73,"Chilko",2015,1313,2013,"SR_cov_resid",-1.10092223207761,23,0,0,NA,NA,-0.459193802292124,NA,"Chilko","C. shasta"
"33","ce_sha",74,"Gates",2012,1479,2010,"SR_cov_resid",-1.14368456200958,11,0,0,NA,NA,-0.459193802292124,NA,"Gates","C. shasta"
"34","ce_sha",75,"Gates",2013,1480,2011,"SR_cov_resid",-0.341710855951546,40,1,0.025,3.500861691,0.087521542275,-0.280788075341234,-0.433749091795355,"Gates","C. shasta"
"35","ce_sha",76,"Gates",2015,1482,2013,"SR_cov_resid",0.354033138866531,24,1,0.0416666666666667,116.1425806,4.83927419166667,-0.16185092404064,2.71994144989481,"Gates","C. shasta"
"36","ce_sha",79,"Pitt",2013,1792,2011,"SR_cov_resid",1.12999545549457,30,0,0,NA,NA,-0.459193802292124,NA,"Pitt","C. shasta"
"37","ce_sha",81,"Portage",2013,1855,2011,"SR_cov_resid",-2.76094953064122,30,0,0,NA,NA,-0.459193802292124,NA,"Portage","C. shasta"
"38","ce_sha",83,"Quesnel",2012,1921,2010,"SR_cov_resid",0.551398321188551,25,0,0,NA,NA,-0.459193802292124,NA,"Quesnel","C. shasta"
"39","ce_sha",84,"Quesnel",2013,1922,2011,"SR_cov_resid",-1.11916717140012,95,0,0,NA,NA,-0.459193802292124,NA,"Quesnel","C. shasta"
"40","ce_sha",85,"Quesnel",2015,1924,2013,"SR_cov_resid",-1.25651342926018,44,1,0.0227272727272727,76.89887348,1.74770167,-0.297006777791315,1.62121436046547,"Quesnel","C. shasta"
"41","ce_sha",87,"Raft",2013,1989,2011,"SR_cov_resid",0.285596373739357,16,2,0.125,3.503670236,0.4379587795,0.432834832462327,-0.433670459456572,"Raft","C. shasta"
"42","ce_sha",88,"Raft",2015,1991,2013,"SR_cov_resid",-1.63954921242504,29,2,0.0689655172413793,0.9830623265,0.0677974018275862,0.0329599272275729,-0.504241269281673,"Raft","C. shasta"
"43","ce_sha",90,"Scotch",2012,2039,2010,"SR_cov_resid",-0.581486679711928,22,1,0.0454545454545455,0.89252062,0.0405691190909091,-0.134819753290505,-0.506776213937909,"Scotch","C. shasta"
"44","ce_sha",93,"Seymour",2012,2106,2010,"SR_cov_resid",-0.654741715033726,19,1,0.0526315789473684,20.07303991,1.05647578473684,-0.083602798184987,0.0302310588155049,"Seymour","C. shasta"
"45","ce_sha",96,"Stellako",2013,2174,2011,"SR_cov_resid",-1.07113210474373,47,4,0.0851063829787234,0.72683533675,0.0618583265319149,0.148144842647077,-0.511414993563643,"Stellako","C. shasta"
"46","ce_sha",97,"Stellako",2015,2176,2013,"SR_cov_resid",-0.385136581427814,17,2,0.117647058823529,3.353120756,0.394484794823529,0.380362559829709,-0.437885473891108,"Stellako","C. shasta"
"47","ce_sha",99,"Weaver",2015,2227,2013,"SR_cov_resid",-0.200278242308706,22,14,0.636363636363636,7.17838458742857,4.56806291927273,4.08204288373053,-0.330787513370888,"Weaver","C. shasta"
"48","de_sal",102,"Chilko",2011,1309,2009,"SR_cov_resid",0.30629425435431,29,0,0,NA,NA,-0.554310728288499,NA,"Chilko","D. salmonis"
"49","de_sal",103,"Chilko",2012,1310,2010,"SR_cov_resid",0.685458079567512,92,2,0.0217391304347826,1.208115926,0.0262633896956522,0.141115470158599,-0.487186494634249,"Chilko","D. salmonis"
"50","de_sal",104,"Chilko",2013,1311,2011,"SR_cov_resid",0.606684688038082,197,1,0.0050761421319797,346.0660045,1.75668022588832,-0.391926945909989,-0.452322012964224,"Chilko","D. salmonis"
"51","de_sal",105,"Chilko",2014,1312,2012,"SR_cov_resid",0.742058742143178,30,0,0,NA,NA,-0.554310728288499,NA,"Chilko","D. salmonis"
"52","de_sal",106,"Chilko",2015,1313,2013,"SR_cov_resid",-1.10092223207761,23,0,0,NA,NA,-0.554310728288499,NA,"Chilko","D. salmonis"
"53","de_sal",107,"Gates",2012,1479,2010,"SR_cov_resid",-1.14368456200958,11,0,0,NA,NA,-0.554310728288499,NA,"Gates","D. salmonis"
"54","de_sal",108,"Gates",2013,1480,2011,"SR_cov_resid",-0.341710855951546,40,0,0,NA,NA,-0.554310728288499,NA,"Gates","D. salmonis"
"55","de_sal",109,"Gates",2015,1482,2013,"SR_cov_resid",0.354033138866531,24,2,0.0833333333333333,26797.893662785,2233.15780523208,2.11148969909204,2.22190783964079,"Gates","D. salmonis"
"56","de_sal",112,"Pitt",2013,1792,2011,"SR_cov_resid",1.12999545549457,30,0,0,NA,NA,-0.554310728288499,NA,"Pitt","D. salmonis"
"57","de_sal",114,"Portage",2013,1855,2011,"SR_cov_resid",-2.76094953064122,30,3,0.1,5497.80614415433,549.780614415433,2.64464978456815,0.0685091920588461,"Portage","D. salmonis"
"58","de_sal",116,"Quesnel",2012,1921,2010,"SR_cov_resid",0.551398321188551,25,0,0,NA,NA,-0.554310728288499,NA,"Quesnel","D. salmonis"
"59","de_sal",117,"Quesnel",2013,1922,2011,"SR_cov_resid",-1.11916717140012,95,0,0,NA,NA,-0.554310728288499,NA,"Quesnel","D. salmonis"
"60","de_sal",118,"Quesnel",2015,1924,2013,"SR_cov_resid",-1.25651342926018,44,0,0,NA,NA,-0.554310728288499,NA,"Quesnel","D. salmonis"
"61","de_sal",120,"Raft",2013,1989,2011,"SR_cov_resid",0.285596373739357,16,1,0.0625,1.732572415,0.1082857759375,1.44503959224691,-0.487133473073039,"Raft","D. salmonis"
"62","de_sal",121,"Raft",2015,1991,2013,"SR_cov_resid",-1.63954921242504,29,0,0,NA,NA,-0.554310728288499,NA,"Raft","D. salmonis"
"63","de_sal",123,"Scotch",2012,2039,2010,"SR_cov_resid",-0.581486679711928,22,0,0,NA,NA,-0.554310728288499,NA,"Scotch","D. salmonis"
"64","de_sal",126,"Seymour",2012,2106,2010,"SR_cov_resid",-0.654741715033726,19,1,0.0526315789473684,0.425362756,0.0223875134736842,1.12935269953079,-0.487265629502412,"Seymour","D. salmonis"
"65","de_sal",129,"Stellako",2013,2174,2011,"SR_cov_resid",-1.07113210474373,47,1,0.0212765957446809,1095.957268,23.3182397446809,0.126319168063982,-0.376509421525716,"Stellako","D. salmonis"
"66","de_sal",130,"Stellako",2015,2176,2013,"SR_cov_resid",-0.385136581427814,17,0,0,NA,NA,-0.554310728288499,NA,"Stellako","D. salmonis"
"67","de_sal",132,"Weaver",2015,2227,2013,"SR_cov_resid",-0.200278242308706,22,0,0,NA,NA,-0.554310728288499,NA,"Weaver","D. salmonis"
"68","fl_psy",135,"Chilko",2011,1309,2009,"SR_cov_resid",0.30629425435431,29,11,0.379310344827586,138.537125479909,52.5485648372069,2.03222122601153,-0.243396833498457,"Chilko","F. psychrophilum"
"69","fl_psy",136,"Chilko",2012,1310,2010,"SR_cov_resid",0.685458079567512,92,4,0.0434782608695652,20.204340258,0.878449576434783,-0.644272479268427,-0.254817359330987,"Chilko","F. psychrophilum"
"70","fl_psy",137,"Chilko",2013,1311,2011,"SR_cov_resid",0.606684688038082,197,13,0.065989847715736,275.243031541615,18.1632457362487,-0.464861031203296,-0.230203082259446,"Chilko","F. psychrophilum"
"71","fl_psy",138,"Chilko",2014,1312,2012,"SR_cov_resid",0.742058742143178,30,5,0.166666666666667,23.3480763816,3.8913460636,0.337506833754656,-0.254513951281029,"Chilko","F. psychrophilum"
"72","fl_psy",139,"Chilko",2015,1313,2013,"SR_cov_resid",-1.10092223207761,23,1,0.0434782608695652,825.3783762,35.8860163565217,-0.644272479268427,-0.17710845676511,"Chilko","F. psychrophilum"
"73","fl_psy",140,"Gates",2012,1479,2010,"SR_cov_resid",-1.14368456200958,11,0,0,NA,NA,-0.990782825041279,NA,"Gates","F. psychrophilum"
"74","fl_psy",141,"Gates",2013,1480,2011,"SR_cov_resid",-0.341710855951546,40,0,0,NA,NA,-0.990782825041279,NA,"Gates","F. psychrophilum"
"75","fl_psy",142,"Gates",2015,1482,2013,"SR_cov_resid",0.354033138866531,24,3,0.125,115.403635676667,14.4254544595833,0.00543441905567045,-0.245629491315131,"Gates","F. psychrophilum"
"76","fl_psy",145,"Pitt",2013,1792,2011,"SR_cov_resid",1.12999545549457,30,1,0.0333333333333333,5.642916015,0.1880972005,-0.725124893282093,-0.256222710531111,"Pitt","F. psychrophilum"
"77","fl_psy",147,"Portage",2013,1855,2011,"SR_cov_resid",-2.76094953064122,30,3,0.1,10.8869067363333,1.08869067363333,-0.193809029763719,-0.255716602850249,"Portage","F. psychrophilum"
"78","fl_psy",149,"Quesnel",2012,1921,2010,"SR_cov_resid",0.551398321188551,25,3,0.12,29.49032236,3.5388386832,-0.0344142707082076,-0.253921151249031,"Quesnel","F. psychrophilum"
"79","fl_psy",150,"Quesnel",2013,1922,2011,"SR_cov_resid",-1.11916717140012,95,1,0.0105263157894737,2.076427855,0.0218571353157895,-0.90689084659101,-0.256566919197258,"Quesnel","F. psychrophilum"
"80","fl_psy",151,"Quesnel",2015,1924,2013,"SR_cov_resid",-1.25651342926018,44,4,0.0909090909090909,10.80730416525,0.982482196840909,-0.26626119297077,-0.255724285448252,"Quesnel","F. psychrophilum"
"81","fl_psy",153,"Raft",2013,1989,2011,"SR_cov_resid",0.285596373739357,16,1,0.0625,1.861400853,0.1163375533125,-0.492674202992804,-0.256587671868856,"Raft","F. psychrophilum"
"82","fl_psy",154,"Raft",2015,1991,2013,"SR_cov_resid",-1.63954921242504,29,12,0.413793103448276,362.743045434583,150.100570524655,2.30703977610725,-0.221758286785923,"Raft","F. psychrophilum"
"83","fl_psy",156,"Scotch",2012,2039,2010,"SR_cov_resid",-0.581486679711928,22,1,0.0454545454545455,44159.4467,2007.24757727273,-0.628522009006025,4.00514623953484,"Scotch","F. psychrophilum"
"84","fl_psy",159,"Seymour",2012,2106,2010,"SR_cov_resid",-0.654741715033726,19,6,0.315789473684211,876.430318526,276.767469008211,1.52597652846681,-0.172181335130632,"Seymour","F. psychrophilum"
"85","fl_psy",162,"Stellako",2013,2174,2011,"SR_cov_resid",-1.07113210474373,47,4,0.0851063829787234,29.21537989325,2.48641531006383,-0.312507254592292,-0.253947686477945,"Stellako","F. psychrophilum"
"86","fl_psy",163,"Stellako",2015,2176,2013,"SR_cov_resid",-0.385136581427814,17,5,0.294117647058824,858.8627595994,252.606693999824,1.35325774930449,-0.173876814199763,"Stellako","F. psychrophilum"
"87","fl_psy",165,"Weaver",2015,2227,2013,"SR_cov_resid",-0.200278242308706,22,2,0.0909090909090909,142.9224086245,12.9929462385909,-0.26626119297077,-0.242973601345661,"Weaver","F. psychrophilum"
"88","ic_hof",168,"Chilko",2011,1309,2009,"SR_cov_resid",0.30629425435431,29,3,0.103448275862069,562.573635125333,58.1972725991724,2.88171272152922,1.49918085521365,"Chilko","I. hoferi"
"89","ic_hof",169,"Chilko",2012,1310,2010,"SR_cov_resid",0.685458079567512,92,0,0,NA,NA,-0.405023086741019,NA,"Chilko","I. hoferi"
"90","ic_hof",170,"Chilko",2013,1311,2011,"SR_cov_resid",0.606684688038082,197,6,0.0304568527918782,2.32659616183333,0.0708607968071066,0.562645323815701,-0.522029752307628,"Chilko","I. hoferi"
"91","ic_hof",171,"Chilko",2014,1312,2012,"SR_cov_resid",0.742058742143178,30,0,0,NA,NA,-0.405023086741019,NA,"Chilko","I. hoferi"
"92","ic_hof",172,"Chilko",2015,1313,2013,"SR_cov_resid",-1.10092223207761,23,0,0,NA,NA,-0.405023086741019,NA,"Chilko","I. hoferi"
"93","ic_hof",173,"Gates",2012,1479,2010,"SR_cov_resid",-1.14368456200958,11,0,0,NA,NA,-0.405023086741019,NA,"Gates","I. hoferi"
"94","ic_hof",174,"Gates",2013,1480,2011,"SR_cov_resid",-0.341710855951546,40,0,0,NA,NA,-0.405023086741019,NA,"Gates","I. hoferi"
"95","ic_hof",175,"Gates",2015,1482,2013,"SR_cov_resid",0.354033138866531,24,0,0,NA,NA,-0.405023086741019,NA,"Gates","I. hoferi"
"96","ic_hof",178,"Pitt",2013,1792,2011,"SR_cov_resid",1.12999545549457,30,3,0.1,21.4572638413333,2.14572638413333,2.77215486125354,-0.453011791026999,"Pitt","I. hoferi"
"97","ic_hof",180,"Portage",2013,1855,2011,"SR_cov_resid",-2.76094953064122,30,0,0,NA,NA,-0.405023086741019,NA,"Portage","I. hoferi"
"98","ic_hof",182,"Quesnel",2012,1921,2010,"SR_cov_resid",0.551398321188551,25,0,0,NA,NA,-0.405023086741019,NA,"Quesnel","I. hoferi"
"99","ic_hof",183,"Quesnel",2013,1922,2011,"SR_cov_resid",-1.11916717140012,95,2,0.0210526315789474,1.7418602125,0.0366707413157895,0.263856481257837,-0.524139311879024,"Quesnel","I. hoferi"
"100","ic_hof",184,"Quesnel",2015,1924,2013,"SR_cov_resid",-1.25651342926018,44,0,0,NA,NA,-0.405023086741019,NA,"Quesnel","I. hoferi"
"101","ic_hof",186,"Raft",2013,1989,2011,"SR_cov_resid",0.285596373739357,16,0,0,NA,NA,-0.405023086741019,NA,"Raft","I. hoferi"
"102","ic_hof",187,"Raft",2015,1991,2013,"SR_cov_resid",-1.63954921242504,29,0,0,NA,NA,-0.405023086741019,NA,"Raft","I. hoferi"
"103","ic_hof",189,"Scotch",2012,2039,2010,"SR_cov_resid",-0.581486679711928,22,0,0,NA,NA,-0.405023086741019,NA,"Scotch","I. hoferi"
"104","ic_hof",192,"Seymour",2012,2106,2010,"SR_cov_resid",-0.654741715033726,19,0,0,NA,NA,-0.405023086741019,NA,"Seymour","I. hoferi"
"105","ic_hof",195,"Stellako",2013,2174,2011,"SR_cov_resid",-1.07113210474373,47,0,0,NA,NA,-0.405023086741019,NA,"Stellako","I. hoferi"
"106","ic_hof",196,"Stellako",2015,2176,2013,"SR_cov_resid",-0.385136581427814,17,0,0,NA,NA,-0.405023086741019,NA,"Stellako","I. hoferi"
"107","ic_hof",198,"Weaver",2015,2227,2013,"SR_cov_resid",-0.200278242308706,22,0,0,NA,NA,-0.405023086741019,NA,"Weaver","I. hoferi"
"108","ic_mul",201,"Chilko",2011,1309,2009,"SR_cov_resid",0.30629425435431,29,9,0.310344827586207,411.574631876333,127.730058168517,-0.609474659053726,4.0797786255344,"Chilko","I. multifiliis"
"109","ic_mul",202,"Chilko",2012,1310,2010,"SR_cov_resid",0.685458079567512,92,17,0.184782608695652,47.2505708669412,8.73108374715217,-1.29234642266479,0.123521107922782,"Chilko","I. multifiliis"
"110","ic_mul",203,"Chilko",2013,1311,2011,"SR_cov_resid",0.606684688038082,197,90,0.456852791878173,8.27731258435556,3.78151336341117,0.187310813862501,-0.29969619383628,"Chilko","I. multifiliis"
"111","ic_mul",204,"Chilko",2014,1312,2012,"SR_cov_resid",0.742058742143178,30,6,0.2,10.9592733885,2.1918546777,-1.20958644176148,-0.270572321084261,"Chilko","I. multifiliis"
"112","ic_mul",205,"Chilko",2015,1313,2013,"SR_cov_resid",-1.10092223207761,23,10,0.434782608695652,37.8351143606,16.450049722,0.06728183503246,0.0212770494827406,"Chilko","I. multifiliis"
"113","ic_mul",206,"Gates",2012,1479,2010,"SR_cov_resid",-1.14368456200958,11,5,0.454545454545455,25.9535990082,11.7970904582727,0.174762329712088,-0.107746365285187,"Gates","I. multifiliis"
"114","ic_mul",207,"Gates",2013,1480,2011,"SR_cov_resid",-0.341710855951546,40,22,0.55,14.4855905902273,7.967074824625,0.693893119014672,-0.232279437270427,"Gates","I. multifiliis"
"115","ic_mul",208,"Gates",2015,1482,2013,"SR_cov_resid",0.354033138866531,24,15,0.625,34.3718139302667,21.4823837064167,1.10178159632385,-0.0163315243931981,"Gates","I. multifiliis"
"116","ic_mul",211,"Pitt",2013,1792,2011,"SR_cov_resid",1.12999545549457,30,0,0,NA,NA,-2.29728904791928,NA,"Pitt","I. multifiliis"
"117","ic_mul",213,"Portage",2013,1855,2011,"SR_cov_resid",-2.76094953064122,30,12,0.4,6.65857315141667,2.66342926056667,-0.121883835603678,-0.317274363208008,"Portage","I. multifiliis"
"118","ic_mul",215,"Quesnel",2012,1921,2010,"SR_cov_resid",0.551398321188551,25,11,0.44,6.46767090672727,2.84577519896,0.0956566856278819,-0.319347403452972,"Quesnel","I. multifiliis"
"119","ic_mul",216,"Quesnel",2013,1922,2011,"SR_cov_resid",-1.11916717140012,95,50,0.526315789473684,16.54506211998,8.70792743156842,0.565086231443352,-0.209915282404243,"Quesnel","I. multifiliis"
"120","ic_mul",217,"Quesnel",2015,1924,2013,"SR_cov_resid",-1.25651342926018,44,29,0.659090909090909,36.3090220216552,23.9309463324545,1.2871854496462,0.00470495080830191,"Quesnel","I. multifiliis"
"121","ic_mul",219,"Raft",2013,1989,2011,"SR_cov_resid",0.285596373739357,16,10,0.625,5.696388836,3.5602430225,1.10178159632385,-0.327722887855676,"Raft","I. multifiliis"
"122","ic_mul",220,"Raft",2015,1991,2013,"SR_cov_resid",-1.63954921242504,29,11,0.379310344827586,2.65049111436364,1.00535869855172,-0.234404794861383,-0.360798814067393,"Raft","I. multifiliis"
"123","ic_mul",222,"Scotch",2012,2039,2010,"SR_cov_resid",-0.581486679711928,22,9,0.409090909090909,4.01057416577778,1.64068943145455,-0.0724428080510514,-0.346029438743059,"Scotch","I. multifiliis"
"124","ic_mul",225,"Seymour",2012,2106,2010,"SR_cov_resid",-0.654741715033726,19,8,0.421052631578947,0.63817284075,0.268704354,-0.00738882442917481,-0.382650923630934,"Seymour","I. multifiliis"
"125","ic_mul",228,"Stellako",2013,2174,2011,"SR_cov_resid",-1.07113210474373,47,20,0.425531914893617,5.46552907185,2.32575705185106,0.0169718162462538,-0.330229833663488,"Stellako","I. multifiliis"
"126","ic_mul",229,"Stellako",2015,2176,2013,"SR_cov_resid",-0.385136581427814,17,13,0.764705882352941,4.16676122630769,3.18634682011765,1.86157385797819,-0.344333376642019,"Stellako","I. multifiliis"
"127","ic_mul",231,"Weaver",2015,2227,2013,"SR_cov_resid",-0.200278242308706,22,4,0.181818181818182,2.32314071825,0.4223892215,-1.30846849686673,-0.36435356821108,"Weaver","I. multifiliis"
"128","IcD",234,"Chilko",2011,1309,2009,"SR_cov_resid",0.30629425435431,22,14,0.636363636363636,2642.04642483029,1681.30227034655,0.256165086216077,-0.568310764590154,"Chilko","Ichthyobodo sp."
"129","IcD",235,"Chilko",2012,1310,2010,"SR_cov_resid",0.685458079567512,26,17,0.653846153846154,480.065357242941,313.888887428077,0.335199433490577,-0.598653713931871,"Chilko","Ichthyobodo sp."
"130","IcD",236,"Chilko",2013,1311,2011,"SR_cov_resid",0.606684688038082,37,32,0.864864864864865,3682.53709824775,3184.89694983589,1.28916536572816,-0.553707696937361,"Chilko","Ichthyobodo sp."
"131","IcD",240,"Gates",2013,1480,2011,"SR_cov_resid",-0.341710855951546,12,3,0.25,33.3001709713333,8.32504274283333,-1.49049398855032,-0.604923969309181,"Gates","Ichthyobodo sp."
"132","IcD",250,"Quesnel",2015,1924,2013,"SR_cov_resid",-1.25651342926018,23,9,0.391304347826087,174883.419112373,68432.6422613635,-0.851690286014269,1.8490606566306,"Quesnel","Ichthyobodo sp."
"133","IcD",264,"Weaver",2015,2227,2013,"SR_cov_resid",-0.200278242308706,22,15,0.681818181818182,77088.9234076172,52560.6295961026,0.461654389129773,0.476535488137965,"Weaver","Ichthyobodo sp."
"134","lo_sal",267,"Chilko",2011,1309,2009,"SR_cov_resid",0.30629425435431,29,1,0.0344827586206897,347.0584193,11.9675317,0.483356427350365,-0.450804584829725,"Chilko","L. salmonae"
"135","lo_sal",268,"Chilko",2012,1310,2010,"SR_cov_resid",0.685458079567512,92,1,0.0108695652173913,411.7867931,4.47594340326087,-0.104491681782521,-0.44977090404394,"Chilko","L. salmonae"
"136","lo_sal",269,"Chilko",2013,1311,2011,"SR_cov_resid",0.606684688038082,197,1,0.0050761421319797,1.408952885,0.00715204510152284,-0.248718375224599,-0.456324439432497,"Chilko","L. salmonae"
"137","lo_sal",270,"Chilko",2014,1312,2012,"SR_cov_resid",0.742058742143178,30,0,0,NA,NA,-0.375088430430991,NA,"Chilko","L. salmonae"
"138","lo_sal",271,"Chilko",2015,1313,2013,"SR_cov_resid",-1.10092223207761,23,0,0,NA,NA,-0.375088430430991,NA,"Chilko","L. salmonae"
"139","lo_sal",272,"Gates",2012,1479,2010,"SR_cov_resid",-1.14368456200958,11,1,0.0909090909090909,140588.2223,12780.7474818182,1.88808437644713,1.78877889254097,"Gates","L. salmonae"
"140","lo_sal",273,"Gates",2013,1480,2011,"SR_cov_resid",-0.341710855951546,40,0,0,NA,NA,-0.375088430430991,NA,"Gates","L. salmonae"
"141","lo_sal",274,"Gates",2015,1482,2013,"SR_cov_resid",0.354033138866531,24,0,0,NA,NA,-0.375088430430991,NA,"Gates","L. salmonae"
"142","lo_sal",277,"Pitt",2013,1792,2011,"SR_cov_resid",1.12999545549457,30,0,0,NA,NA,-0.375088430430991,NA,"Pitt","L. salmonae"
"143","lo_sal",279,"Portage",2013,1855,2011,"SR_cov_resid",-2.76094953064122,30,0,0,NA,NA,-0.375088430430991,NA,"Portage","L. salmonae"
"144","lo_sal",281,"Quesnel",2012,1921,2010,"SR_cov_resid",0.551398321188551,25,4,0.16,1532.1676533225,245.1468245316,3.60809570967449,-0.431878964234804,"Quesnel","L. salmonae"
"145","lo_sal",282,"Quesnel",2013,1922,2011,"SR_cov_resid",-1.11916717140012,95,0,0,NA,NA,-0.375088430430991,NA,"Quesnel","L. salmonae"
"146","lo_sal",283,"Quesnel",2015,1924,2013,"SR_cov_resid",-1.25651342926018,44,0,0,NA,NA,-0.375088430430991,NA,"Quesnel","L. salmonae"
"147","lo_sal",285,"Raft",2013,1989,2011,"SR_cov_resid",0.285596373739357,16,0,0,NA,NA,-0.375088430430991,NA,"Raft","L. salmonae"
"148","lo_sal",286,"Raft",2015,1991,2013,"SR_cov_resid",-1.63954921242504,29,0,0,NA,NA,-0.375088430430991,NA,"Raft","L. salmonae"
"149","lo_sal",288,"Scotch",2012,2039,2010,"SR_cov_resid",-0.581486679711928,22,0,0,NA,NA,-0.375088430430991,NA,"Scotch","L. salmonae"
"150","lo_sal",291,"Seymour",2012,2106,2010,"SR_cov_resid",-0.654741715033726,19,0,0,NA,NA,-0.375088430430991,NA,"Seymour","L. salmonae"
"151","lo_sal",294,"Stellako",2013,2174,2011,"SR_cov_resid",-1.07113210474373,47,0,0,NA,NA,-0.375088430430991,NA,"Stellako","L. salmonae"
"152","lo_sal",295,"Stellako",2015,2176,2013,"SR_cov_resid",-0.385136581427814,17,0,0,NA,NA,-0.375088430430991,NA,"Stellako","L. salmonae"
"153","lo_sal",297,"Weaver",2015,2227,2013,"SR_cov_resid",-0.200278242308706,22,0,0,NA,NA,-0.375088430430991,NA,"Weaver","L. salmonae"
"154","my_arc",300,"Chilko",2011,1309,2009,"SR_cov_resid",0.30629425435431,29,29,1,512130.155673172,512130.155673172,1.26573495494229,2.14654280278277,"Chilko","M. arcticus"
"155","my_arc",301,"Chilko",2012,1310,2010,"SR_cov_resid",0.685458079567512,92,76,0.826086956521739,345807.488306368,285667.055557434,0.743133894577248,1.19657276581285,"Chilko","M. arcticus"
"156","my_arc",302,"Chilko",2013,1311,2011,"SR_cov_resid",0.606684688038082,197,193,0.979695431472081,234578.112399109,229815.105040751,1.20472061794536,0.561274065908466,"Chilko","M. arcticus"
"157","my_arc",303,"Chilko",2014,1312,2012,"SR_cov_resid",0.742058742143178,30,24,0.8,217480.338682758,173984.270946207,0.664743735522491,0.463618268376042,"Chilko","M. arcticus"
"158","my_arc",304,"Chilko",2015,1313,2013,"SR_cov_resid",-1.10092223207761,23,21,0.91304347826087,18631.1017699491,17011.0059638666,1.00443442475977,-0.672130814609165,"Chilko","M. arcticus"
"159","my_arc",305,"Gates",2012,1479,2010,"SR_cov_resid",-1.14368456200958,11,2,0.181818181818182,225641.740440825,41025.770989241,-1.19286548813871,0.510233003773105,"Gates","M. arcticus"
"160","my_arc",306,"Gates",2013,1480,2011,"SR_cov_resid",-0.341710855951546,40,17,0.425,510.893018156765,217.129532716625,-0.462114800889637,-0.775626361249722,"Gates","M. arcticus"
"161","my_arc",307,"Gates",2015,1482,2013,"SR_cov_resid",0.354033138866531,24,5,0.208333333333333,418.4541045598,87.1779384499583,-1.11318862192776,-0.776154336176756,"Gates","M. arcticus"
"162","my_arc",310,"Pitt",2013,1792,2011,"SR_cov_resid",1.12999545549457,30,7,0.233333333333333,4657.43478370614,1086.73478286477,-1.03806471950028,-0.751942936153916,"Pitt","M. arcticus"
"163","my_arc",312,"Portage",2013,1855,2011,"SR_cov_resid",-2.76094953064122,30,11,0.366666666666667,17.2567568216364,6.32747750126667,-0.637403906553744,-0.778445818542311,"Portage","M. arcticus"
"164","my_arc",314,"Quesnel",2012,1921,2010,"SR_cov_resid",0.551398321188551,25,22,0.88,404197.628990415,355693.913511565,0.905140223290412,1.53007441644459,"Quesnel","M. arcticus"
"165","my_arc",315,"Quesnel",2013,1922,2011,"SR_cov_resid",-1.11916717140012,95,94,0.989473684210526,467766.048560853,462842.195418107,1.23410383813072,1.89315237115457,"Quesnel","M. arcticus"
"166","my_arc",316,"Quesnel",2015,1924,2013,"SR_cov_resid",-1.25651342926018,44,41,0.931818181818182,179118.914264518,166906.26101921,1.06085158468554,0.244512812999684,"Quesnel","M. arcticus"
"167","my_arc",318,"Raft",2013,1989,2011,"SR_cov_resid",0.285596373739357,16,7,0.4375,25837.2794621986,11303.8097647119,-0.424552849675899,-0.630971945544007,"Raft","M. arcticus"
"168","my_arc",319,"Raft",2015,1991,2013,"SR_cov_resid",-1.63954921242504,29,7,0.241379310344828,4356.39230020286,1051.54296901448,-1.01388691182247,-0.753662373099648,"Raft","M. arcticus"
"169","my_arc",321,"Scotch",2012,2039,2010,"SR_cov_resid",-0.581486679711928,22,6,0.272727272727273,77.3197343918333,21.0872002886818,-0.919687661129712,-0.778102762301533,"Scotch","M. arcticus"
"170","my_arc",324,"Seymour",2012,2106,2010,"SR_cov_resid",-0.654741715033726,19,3,0.157894736842105,9.59103043833333,1.51437322710526,-1.26475438998319,-0.778489602173796,"Seymour","M. arcticus"
"171","my_arc",327,"Stellako",2013,2174,2011,"SR_cov_resid",-1.07113210474373,47,15,0.319148936170213,27707.3068473872,8842.75750448528,-0.780192600529371,-0.620291080377718,"Stellako","M. arcticus"
"172","my_arc",328,"Stellako",2015,2176,2013,"SR_cov_resid",-0.385136581427814,17,7,0.411764705882353,4133.57792615186,1702.06149900371,-0.501886278645359,-0.754935001674608,"Stellako","M. arcticus"
"173","my_arc",330,"Weaver",2015,2227,2013,"SR_cov_resid",-0.200278242308706,22,22,1,53105.3349822497,53105.3349822497,1.26573495494229,-0.475227475348895,"Weaver","M. arcticus"
"174","pa_min",333,"Chilko",2011,1309,2009,"SR_cov_resid",0.30629425435431,29,16,0.551724137931034,140.093913800688,77.293193821069,1.85581823540992,-0.254821766269927,"Chilko","P. minibicornis"
"175","pa_min",334,"Chilko",2012,1310,2010,"SR_cov_resid",0.685458079567512,92,1,0.0108695652173913,2.739344238,0.0297754808478261,-0.579999829235267,-0.258643504533681,"Chilko","P. minibicornis"
"176","pa_min",335,"Chilko",2013,1311,2011,"SR_cov_resid",0.606684688038082,197,19,0.0964467005076142,286.568676983632,27.6386033639036,-0.194590622071413,-0.250746268753441,"Chilko","P. minibicornis"
"177","pa_min",336,"Chilko",2014,1312,2012,"SR_cov_resid",0.742058742143178,30,0,0,NA,NA,-0.628952513833126,NA,"Chilko","P. minibicornis"
"178","pa_min",337,"Chilko",2015,1313,2013,"SR_cov_resid",-1.10092223207761,23,1,0.0434782608695652,17.23509466,0.74935194173913,-0.43314177544169,-0.258240176386493,"Chilko","P. minibicornis"
"179","pa_min",338,"Gates",2012,1479,2010,"SR_cov_resid",-1.14368456200958,11,0,0,NA,NA,-0.628952513833126,NA,"Gates","P. minibicornis"
"180","pa_min",339,"Gates",2013,1480,2011,"SR_cov_resid",-0.341710855951546,40,0,0,NA,NA,-0.628952513833126,NA,"Gates","P. minibicornis"
"181","pa_min",340,"Gates",2015,1482,2013,"SR_cov_resid",0.354033138866531,24,2,0.0833333333333333,22.81876699,1.90156391583333,-0.253648598582874,-0.258084816908728,"Gates","P. minibicornis"
"182","pa_min",343,"Pitt",2013,1792,2011,"SR_cov_resid",1.12999545549457,30,4,0.133333333333333,277.359320585,36.9812427446667,-0.0284662494327238,-0.251002508861399,"Pitt","P. minibicornis"
"183","pa_min",345,"Portage",2013,1855,2011,"SR_cov_resid",-2.76094953064122,30,2,0.0666666666666667,1057.37940038,70.4919600253333,-0.328709381632924,-0.229299316933087,"Portage","P. minibicornis"
"184","pa_min",347,"Quesnel",2012,1921,2010,"SR_cov_resid",0.551398321188551,25,0,0,NA,NA,-0.628952513833126,NA,"Quesnel","P. minibicornis"
"185","pa_min",348,"Quesnel",2013,1922,2011,"SR_cov_resid",-1.11916717140012,95,8,0.0842105263157895,34.235042290125,2.88295092969474,-0.249698031053923,-0.25776717173476,"Quesnel","P. minibicornis"
"186","pa_min",349,"Quesnel",2015,1924,2013,"SR_cov_resid",-1.25651342926018,44,7,0.159090909090909,97.2657342865714,15.4740940910455,0.0875367789173552,-0.256013412772385,"Quesnel","P. minibicornis"
"187","pa_min",351,"Raft",2013,1989,2011,"SR_cov_resid",0.285596373739357,16,5,0.3125,30.937686886,9.668027151875,0.77843716835532,-0.257858916984716,"Raft","P. minibicornis"
"188","pa_min",352,"Raft",2015,1991,2013,"SR_cov_resid",-1.63954921242504,29,2,0.0689655172413793,144051.280503575,9934.57106921207,-0.318356170177745,3.74934708026771,"Raft","P. minibicornis"
"189","pa_min",354,"Scotch",2012,2039,2010,"SR_cov_resid",-0.581486679711928,22,1,0.0454545454545455,55.12094821,2.50549764590909,-0.424241287332988,-0.25718604461186,"Scotch","P. minibicornis"
"190","pa_min",357,"Seymour",2012,2106,2010,"SR_cov_resid",-0.654741715033726,19,2,0.105263157894737,28.739826123,3.02524485505263,-0.154884410359122,-0.257920070018089,"Seymour","P. minibicornis"
"191","pa_min",360,"Stellako",2013,2174,2011,"SR_cov_resid",-1.07113210474373,47,3,0.0638297872340425,5.55969917933333,0.354874415702128,-0.341485685130805,-0.258565031291539,"Stellako","P. minibicornis"
"192","pa_min",361,"Stellako",2015,2176,2013,"SR_cov_resid",-0.385136581427814,17,1,0.0588235294117647,37.68018174,2.21648127882353,-0.364032103068242,-0.257671314557955,"Stellako","P. minibicornis"
"193","pa_min",363,"Weaver",2015,2227,2013,"SR_cov_resid",-0.200278242308706,22,20,0.909090909090909,2630.5799571385,2391.43632467136,3.46527201616962,-0.185526759649652,"Weaver","P. minibicornis"
"194","pa_pse",366,"Chilko",2011,1309,2009,"SR_cov_resid",0.30629425435431,29,4,0.137931034482759,0.06974033325,0.00961935631034483,3.41143378973439,-0.467145763400233,"Chilko","P. pseudobranchicola"
"195","pa_pse",367,"Chilko",2012,1310,2010,"SR_cov_resid",0.685458079567512,92,1,0.0108695652173913,1398.414256,15.2001549565217,-0.0929374775207308,-0.386373702852007,"Chilko","P. pseudobranchicola"
"196","pa_pse",368,"Chilko",2013,1311,2011,"SR_cov_resid",0.606684688038082,197,1,0.0050761421319797,0.104966056,0.00053282261928934,-0.252720813231792,-0.46714372866975,"Chilko","P. pseudobranchicola"
"197","pa_pse",369,"Chilko",2014,1312,2012,"SR_cov_resid",0.742058742143178,30,0,0,NA,NA,-0.39272145023577,NA,"Chilko","P. pseudobranchicola"
"198","pa_pse",370,"Chilko",2015,1313,2013,"SR_cov_resid",-1.10092223207761,23,0,0,NA,NA,-0.39272145023577,NA,"Chilko","P. pseudobranchicola"
"199","pa_pse",371,"Gates",2012,1479,2010,"SR_cov_resid",-1.14368456200958,11,1,0.0909090909090909,39037.52416,3548.86583272727,2.1145626851991,1.78776037504195,"Gates","P. pseudobranchicola"
"200","pa_pse",372,"Gates",2013,1480,2011,"SR_cov_resid",-0.341710855951546,40,0,0,NA,NA,-0.39272145023577,NA,"Gates","P. pseudobranchicola"
"201","pa_pse",373,"Gates",2015,1482,2013,"SR_cov_resid",0.354033138866531,24,0,0,NA,NA,-0.39272145023577,NA,"Gates","P. pseudobranchicola"
"202","pa_pse",376,"Pitt",2013,1792,2011,"SR_cov_resid",1.12999545549457,30,0,0,NA,NA,-0.39272145023577,NA,"Pitt","P. pseudobranchicola"
"203","pa_pse",378,"Portage",2013,1855,2011,"SR_cov_resid",-2.76094953064122,30,0,0,NA,NA,-0.39272145023577,NA,"Portage","P. pseudobranchicola"
"204","pa_pse",380,"Quesnel",2012,1921,2010,"SR_cov_resid",0.551398321188551,25,1,0.04,0.910825271,0.03643301084,0.710483569355575,-0.467097180119963,"Quesnel","P. pseudobranchicola"
"205","pa_pse",381,"Quesnel",2013,1922,2011,"SR_cov_resid",-1.11916717140012,95,0,0,NA,NA,-0.39272145023577,NA,"Quesnel","P. pseudobranchicola"
"206","pa_pse",382,"Quesnel",2015,1924,2013,"SR_cov_resid",-1.25651342926018,44,0,0,NA,NA,-0.39272145023577,NA,"Quesnel","P. pseudobranchicola"
"207","pa_pse",384,"Raft",2013,1989,2011,"SR_cov_resid",0.285596373739357,16,0,0,NA,NA,-0.39272145023577,NA,"Raft","P. pseudobranchicola"
"208","pa_pse",385,"Raft",2015,1991,2013,"SR_cov_resid",-1.63954921242504,29,0,0,NA,NA,-0.39272145023577,NA,"Raft","P. pseudobranchicola"
"209","pa_pse",387,"Scotch",2012,2039,2010,"SR_cov_resid",-0.581486679711928,22,0,0,NA,NA,-0.39272145023577,NA,"Scotch","P. pseudobranchicola"
"210","pa_pse",390,"Seymour",2012,2106,2010,"SR_cov_resid",-0.654741715033726,19,0,0,NA,NA,-0.39272145023577,NA,"Seymour","P. pseudobranchicola"
"211","pa_pse",393,"Stellako",2013,2174,2011,"SR_cov_resid",-1.07113210474373,47,0,0,NA,NA,-0.39272145023577,NA,"Stellako","P. pseudobranchicola"
"212","pa_pse",394,"Stellako",2015,2176,2013,"SR_cov_resid",-0.385136581427814,17,0,0,NA,NA,-0.39272145023577,NA,"Stellako","P. pseudobranchicola"
"213","pa_pse",396,"Weaver",2015,2227,2013,"SR_cov_resid",-0.200278242308706,22,0,0,NA,NA,-0.39272145023577,NA,"Weaver","P. pseudobranchicola"
"214","pa_ther",399,"Chilko",2011,1309,2009,"SR_cov_resid",0.30629425435431,29,2,0.0689655172413793,6.5814154675,0.453890721896552,0.934787867651841,-0.473562456552134,"Chilko","P. theridion"
"215","pa_ther",400,"Chilko",2012,1310,2010,"SR_cov_resid",0.685458079567512,92,1,0.0108695652173913,473.4947429,5.14668198804348,-0.279588783474641,-0.191213821030863,"Chilko","P. theridion"
"216","pa_ther",401,"Chilko",2013,1311,2011,"SR_cov_resid",0.606684688038082,196,3,0.0153061224489796,1.721037473,0.0263424103010204,-0.18685165935965,-0.476501591107172,"Chilko","P. theridion"
"217","pa_ther",402,"Chilko",2014,1312,2012,"SR_cov_resid",0.742058742143178,30,0,0,NA,NA,-0.50679473755637,NA,"Chilko","P. theridion"
"218","pa_ther",403,"Chilko",2015,1313,2013,"SR_cov_resid",-1.10092223207761,23,0,0,NA,NA,-0.50679473755637,NA,"Chilko","P. theridion"
"219","pa_ther",404,"Gates",2012,1479,2010,"SR_cov_resid",-1.14368456200958,11,2,0.181818181818182,4836.288943615,879.325262475455,3.29374122162892,2.4470252637382,"Gates","P. theridion"
"220","pa_ther",405,"Gates",2013,1480,2011,"SR_cov_resid",-0.341710855951546,40,0,0,NA,NA,-0.50679473755637,NA,"Gates","P. theridion"
"221","pa_ther",406,"Gates",2015,1482,2013,"SR_cov_resid",0.354033138866531,24,0,0,NA,NA,-0.50679473755637,NA,"Gates","P. theridion"
"222","pa_ther",409,"Pitt",2013,1792,2011,"SR_cov_resid",1.12999545549457,30,1,0.0333333333333333,0.132154479,0.0044051493,0.189970188294265,-0.477462409569618,"Pitt","P. theridion"
"223","pa_ther",411,"Portage",2013,1855,2011,"SR_cov_resid",-2.76094953064122,30,1,0.0333333333333333,403.8225942,13.46075314,0.189970188294265,-0.233345486510306,"Portage","P. theridion"
"224","pa_ther",413,"Quesnel",2012,1921,2010,"SR_cov_resid",0.551398321188551,25,3,0.12,595.426348036667,71.4511617644,2.00155899550592,-0.117480174303391,"Quesnel","P. theridion"
"225","pa_ther",414,"Quesnel",2013,1922,2011,"SR_cov_resid",-1.11916717140012,95,0,0,NA,NA,-0.50679473755637,NA,"Quesnel","P. theridion"
"226","pa_ther",415,"Quesnel",2015,1924,2013,"SR_cov_resid",-1.25651342926018,44,0,0,NA,NA,-0.50679473755637,NA,"Quesnel","P. theridion"
"227","pa_ther",417,"Raft",2013,1989,2011,"SR_cov_resid",0.285596373739357,16,0,0,NA,NA,-0.50679473755637,NA,"Raft","P. theridion"
"228","pa_ther",418,"Raft",2015,1991,2013,"SR_cov_resid",-1.63954921242504,29,0,0,NA,NA,-0.50679473755637,NA,"Raft","P. theridion"
"229","pa_ther",420,"Scotch",2012,2039,2010,"SR_cov_resid",-0.581486679711928,22,0,0,NA,NA,-0.50679473755637,NA,"Scotch","P. theridion"
"230","pa_ther",423,"Seymour",2012,2106,2010,"SR_cov_resid",-0.654741715033726,19,0,0,NA,NA,-0.50679473755637,NA,"Seymour","P. theridion"
"231","pa_ther",426,"Stellako",2013,2174,2011,"SR_cov_resid",-1.07113210474373,47,1,0.0212765957446809,0.137255914,0.00292033859574468,-0.0620511678644741,-0.477459324664718,"Stellako","P. theridion"
"232","pa_ther",427,"Stellako",2015,2176,2013,"SR_cov_resid",-0.385136581427814,17,0,0,NA,NA,-0.50679473755637,NA,"Stellako","P. theridion"
"233","pa_ther",429,"Weaver",2015,2227,2013,"SR_cov_resid",-0.200278242308706,22,0,0,NA,NA,-0.50679473755637,NA,"Weaver","P. theridion"
"234","pspv",432,"Chilko",2011,1309,2009,"SR_cov_resid",0.30629425435431,29,27,0.931034482758621,16070.2784998341,14961.98343088,1.36862903731059,0.782650625651068,"Chilko","PSPV"
"235","pspv",433,"Chilko",2012,1310,2010,"SR_cov_resid",0.685458079567512,92,65,0.706521739130435,44993.723482252,31789.0437646345,0.646721198548993,3.31672651555182,"Chilko","PSPV"
"236","pspv",434,"Chilko",2013,1311,2011,"SR_cov_resid",0.606684688038082,197,193,0.979695431472081,26007.7604563567,25479.6841019129,1.52509552446911,1.65330532973821,"Chilko","PSPV"
"237","pspv",435,"Chilko",2014,1312,2012,"SR_cov_resid",0.742058742143178,30,28,0.933333333333333,15924.2794257371,14862.6607973547,1.3760208593658,0.76985917795727,"Chilko","PSPV"
"238","pspv",436,"Chilko",2015,1313,2013,"SR_cov_resid",-1.10092223207761,23,12,0.521739130434783,1873.03119667758,977.233667831783,0.0525633279154904,-0.461215798827664,"Chilko","PSPV"
"239","pspv",437,"Gates",2012,1479,2010,"SR_cov_resid",-1.14368456200958,11,6,0.545454545454545,2398.655897654,1308.35776235673,0.128818883504814,-0.415164130961325,"Gates","PSPV"
"240","pspv",438,"Gates",2013,1480,2011,"SR_cov_resid",-0.341710855951546,40,37,0.925,2172.08481543738,2009.17845427958,1.34922550441566,-0.435014751008241,"Gates","PSPV"
"241","pspv",439,"Gates",2015,1482,2013,"SR_cov_resid",0.354033138866531,24,10,0.416666666666667,5842.9674190522,2434.56975793842,-0.285291147542777,-0.113396938671877,"Gates","PSPV"
"242","pspv",442,"Pitt",2013,1792,2011,"SR_cov_resid",1.12999545549457,30,2,0.0666666666666667,0.625311558,0.0416874372,-1.41069605544859,-0.625263290835414,"Pitt","PSPV"
"243","pspv",444,"Portage",2013,1855,2011,"SR_cov_resid",-2.76094953064122,30,26,0.866666666666667,789.749591073923,684.4496455974,1.1616580197647,-0.5561255787796,"Portage","PSPV"
"244","pspv",446,"Quesnel",2012,1921,2010,"SR_cov_resid",0.551398321188551,25,14,0.56,648.338377660786,363.06949149004,0.175588957599603,-0.568515069266977,"Quesnel","PSPV"
"245","pspv",447,"Quesnel",2013,1922,2011,"SR_cov_resid",-1.11916717140012,95,67,0.705263157894737,5756.11040217481,4059.57259942855,0.6426743028357,-0.121006760823819,"Quesnel","PSPV"
"246","pspv",448,"Quesnel",2015,1924,2013,"SR_cov_resid",-1.25651342926018,44,21,0.477272727272727,9207.08857174552,4394.29227287855,-0.0904158388144993,0.181344517919046,"Quesnel","PSPV"
"247","pspv",450,"Raft",2013,1989,2011,"SR_cov_resid",0.285596373739357,16,2,0.125,1.308954186,0.16361927325,-1.22312857079762,-0.625203394709556,"Raft","PSPV"
"248","pspv",451,"Raft",2015,1991,2013,"SR_cov_resid",-1.63954921242504,29,5,0.172413793103448,12.457416007,2.14783034603448,-1.0706722409089,-0.62422664217101,"Raft","PSPV"
"249","pspv",453,"Scotch",2012,2039,2010,"SR_cov_resid",-0.581486679711928,22,4,0.181818181818182,132.453116394,24.0823847989091,-1.04043296886486,-0.613713433546405,"Scotch","PSPV"
"250","pspv",456,"Seymour",2012,2106,2010,"SR_cov_resid",-0.654741715033726,19,7,0.368421052631579,19.1733631974286,7.06387065168421,-0.440422149885684,-0.62363823647233,"Seymour","PSPV"
"251","pspv",459,"Stellako",2013,2174,2011,"SR_cov_resid",-1.07113210474373,47,7,0.148936170212766,184.711422456143,27.5102118551702,-1.14616318955786,-0.60913491554761,"Stellako","PSPV"
"252","pspv",460,"Stellako",2015,2176,2013,"SR_cov_resid",-0.385136581427814,17,5,0.294117647058824,10688.1753658148,3143.58098994553,-0.679340485044811,0.3111072878098,"Stellako","PSPV"
"253","pspv",462,"Weaver",2015,2227,2013,"SR_cov_resid",-0.200278242308706,22,4,0.181818181818182,22.1834511025,4.03335474590909,-1.04043296886486,-0.623374513005386,"Weaver","PSPV"
"254","Qin",465,"Chilko",2011,1309,2009,"SR_cov_resid",0.30629425435431,22,2,0.0909090909090909,39.73022563,3.61183869363636,0.0162992388558902,-0.61346528909815,"Chilko","Qin virus"
"255","Qin",466,"Chilko",2012,1310,2010,"SR_cov_resid",0.685458079567512,26,1,0.0384615384615385,28.41477107,1.09287581038462,-0.665119267679393,-0.713905824475064,"Chilko","Qin virus"
"256","Qin",467,"Chilko",2013,1311,2011,"SR_cov_resid",0.606684688038082,37,7,0.189189189189189,22.3713285817143,4.23241351545946,1.29319157542651,-0.767549855815065,"Chilko","Qin virus"
"257","Qin",471,"Gates",2013,1480,2011,"SR_cov_resid",-0.341710855951546,12,0,0,NA,NA,-1.16482617247194,NA,"Gates","Qin virus"
"258","Qin",481,"Quesnel",2015,1924,2013,"SR_cov_resid",-1.25651342926018,23,4,0.173913043478261,272.64518445,47.4165538173913,1.09471809267695,1.45398176193508,"Quesnel","Qin virus"
"259","Qin",495,"Weaver",2015,2227,2013,"SR_cov_resid",-0.200278242308706,22,1,0.0454545454545455,181.0492362,8.22951073636364,-0.574263466808022,0.640939207453199,"Weaver","Qin virus"
"260","rib",34,"Bowron",2012,1243,2010,"SR_cov_resid",-0.225381335491589,1,1,0.00170966648820918,0.00170966648820918,0.00170966648820918,-0.749416554484194,NA,"Bowron","RIB"
"261","rib",35,"Chilko",2008,1306,2006,"SR_cov_resid",1.14899509342246,7,7,0.205920207849477,0.0127060797923236,0.205920207849477,1.87385137665109,NA,"Chilko","RIB"
"262","rib",36,"Chilko",2011,1309,2009,"SR_cov_resid",0.30629425435431,29,29,0.200334390418513,0.0145272555754726,0.200334390418513,1.80209653168498,NA,"Chilko","RIB"
"263","rib",37,"Chilko",2012,1310,2010,"SR_cov_resid",0.685458079567512,92,91,0.0315852541853871,0.00531867018637641,0.0312419362051111,-0.365637780835189,NA,"Chilko","RIB"
"264","rib",38,"Chilko",2013,1311,2011,"SR_cov_resid",0.606684688038082,197,197,0.0373614309609692,0.00714107556952756,0.0373614309609692,-0.291437599008401,NA,"Chilko","RIB"
"265","rib",39,"Chilko",2014,1312,2012,"SR_cov_resid",0.742058742143178,30,30,0.0574216947412819,0.0120873266358258,0.0574216947412819,-0.0337454822634915,NA,"Chilko","RIB"
"266","rib",40,"Chilko",2015,1313,2013,"SR_cov_resid",-1.10092223207761,23,23,0.0548165878709729,0.00256754029522419,0.0548165878709729,-0.0672104212647158,-0.543025641669323,"Chilko","RIB"
"267","rib",41,"Gates",2012,1479,2010,"SR_cov_resid",-1.14368456200958,11,9,0.338350146365354,0.00229363234362871,0.27683193793529,3.57503295383684,NA,"Gates","RIB"
"268","rib",42,"Gates",2013,1480,2011,"SR_cov_resid",-0.341710855951546,40,40,0.00431613197955436,0.000517284301824042,0.00431613197955436,-0.715934162774745,NA,"Gates","RIB"
"269","rib",43,"Gates",2015,1482,2013,"SR_cov_resid",0.354033138866531,25,22,0.0771026545804991,0.000941419151544119,0.0678503360308392,0.219074134471398,NA,"Gates","RIB"
"270","rib",44,"Nadina",2008,1720,2006,"SR_cov_resid",0.735704110870947,1,1,0.000941738449106618,0.000941738449106618,0.000941738449106618,-0.759281280295941,1.49929763315826,"Nadina","RIB"
"271","rib",45,"Pitt",2012,1791,2010,"SR_cov_resid",0.0394305874891034,1,1,0.00652766167439041,0.00652766167439041,0.00652766167439041,-0.687525076306709,NA,"Pitt","RIB"
"272","rib",46,"Pitt",2013,1792,2011,"SR_cov_resid",1.12999545549457,30,11,0.00402184575020135,0.000189794224361056,0.00147467677507383,-0.719714533870627,-0.479057636275574,"Pitt","RIB"
"273","rib",47,"Portage",2012,1854,2010,"SR_cov_resid",0.312269365160085,5,5,0.202980242893862,0.00123248382980728,0.202980242893862,1.83608488460168,-0.834068840946992,"Portage","RIB"
"274","rib",48,"Portage",2013,1855,2011,"SR_cov_resid",-2.76094953064122,30,29,0.016222655458869,0.000190286819005234,0.0156819002769067,-0.562984168095776,-0.484501807925212,"Portage","RIB"
"275","rib",49,"Quesnel",2008,1917,2006,"SR_cov_resid",0.17607715548743,1,1,9.13090803009076e-05,9.13090803009076e-05,9.13090803009076e-05,-0.770205809833018,-0.394304246506563,"Quesnel","RIB"
"276","rib",50,"Quesnel",2012,1921,2010,"SR_cov_resid",0.551398321188551,25,25,0.0611625040280908,0.00684348598277242,0.0611625040280908,0.0143085749519902,2.20164292562832,"Quesnel","RIB"
"277","rib",51,"Quesnel",2013,1922,2011,"SR_cov_resid",-1.11916717140012,95,95,0.0099086545895342,0.00346050054758889,0.0099086545895342,-0.644093183758117,0.33049651445187,"Quesnel","RIB"
"278","rib",52,"Quesnel",2015,1924,2013,"SR_cov_resid",-1.25651342926018,52,44,0.109591205486299,0.00336392251488616,0.0927310200268685,0.636418768847877,NA,"Quesnel","RIB"
"279","rib",53,"Raft",2012,1988,2010,"SR_cov_resid",0.921330610853227,1,1,0.00606603579705062,0.00606603579705062,0.00606603579705062,-0.693455075571856,-0.946938679352343,"Raft","RIB"
"280","rib",54,"Raft",2013,1989,2011,"SR_cov_resid",0.285596373739357,16,16,0.0708129114755971,0.00133188957016008,0.0708129114755971,0.138276731594045,NA,"Raft","RIB"
"281","rib",55,"Raft",2015,1991,2013,"SR_cov_resid",-1.63954921242504,29,28,0.0483348342348701,0.00135629044270557,0.046668115812978,-0.150474371978344,NA,"Raft","RIB"
"282","rib",56,"Scotch",2008,2035,2006,"SR_cov_resid",0.367592322115916,4,4,0.0862971555656778,0.0922541319524022,0.0862971555656778,0.337185762874268,NA,"Scotch","RIB"
"283","rib",57,"Scotch",2012,2039,2010,"SR_cov_resid",-0.581486679711928,22,22,0.095681191322163,0.00336220425233849,0.095681191322163,0.457732135752566,-0.524019905427751,"Scotch","RIB"
"284","rib",58,"Seymour",2008,2102,2006,"SR_cov_resid",0.923360797503033,1,1,0.00328772642605252,0.00328772642605252,0.00328772642605252,-0.729144956354349,1.41314866774776,"Seymour","RIB"
"285","rib",59,"Seymour",2011,2105,2009,"SR_cov_resid",1.07400822811678,2,2,0.108974533158219,0.108974533158219,0.108974533158219,0.628497058580193,-0.732455582113658,"Seymour","RIB"
"286","rib",60,"Seymour",2012,2106,2010,"SR_cov_resid",-0.654741715033726,19,19,0.0133872218007043,0.00169319462252682,0.0133872218007043,-0.599407861685454,NA,"Seymour","RIB"
"287","rib",61,"Stellako",2011,2172,2009,"SR_cov_resid",1.26276082483126,2,2,0.00233734512292121,0.00233734512292121,0.00233734512292121,-0.741353458316275,NA,"Stellako","RIB"
"288","rib",62,"Stellako",2012,2173,2010,"SR_cov_resid",1.08126350830362,6,6,0.00268852385428502,0.00179634380272284,0.00268852385428502,-0.736842251901843,NA,"Stellako","RIB"
"289","rib",63,"Stellako",2013,2174,2011,"SR_cov_resid",-1.07113210474373,47,44,0.0113958787139782,0.000655981596000485,0.0106684822003201,-0.624988453287016,NA,"Stellako","RIB"
"290","rib",64,"Stellako",2015,2176,2013,"SR_cov_resid",-0.385136581427814,20,17,0.01870771048782,0.00505507229368767,0.015901553914647,-0.531061402889346,0.340789990749634,"Stellako","RIB"
"291","rib",65,"Weaver",2012,2224,2010,"SR_cov_resid",-0.703881337982957,1,1,0.00815042724165952,0.00815042724165952,0.00815042724165952,-0.66667919418921,-0.369789036305067,"Weaver","RIB"
"292","rib",66,"Weaver",2015,2227,2013,"SR_cov_resid",-0.200278242308706,26,25,0.0851176664469202,0.0253406014283737,0.0818439100451156,0.322034165117686,NA,"Weaver","RIB"
"293","richness",1,"Bowron",2012,1243,2010,"SR_cov_resid",-0.225381335491589,1,1,4,4,4,1.08241616712836,0.0130834837730759,"Bowron","Richness"
"294","richness",2,"Chilko",2008,1306,2006,"SR_cov_resid",1.14899509342246,7,7,3.14285714285714,3,3.14285714285714,0.0948994962303219,NA,"Chilko","Richness"
"295","richness",3,"Chilko",2011,1309,2009,"SR_cov_resid",0.30629425435431,29,29,5.51724137931035,6,5.51724137931035,2.8304341822812,NA,"Chilko","Richness"
"296","richness",4,"Chilko",2012,1310,2010,"SR_cov_resid",0.685458079567512,92,91,3.13186813186813,3,3.09782608695652,0.0822390260906046,-0.334618897843663,"Chilko","Richness"
"297","richness",5,"Chilko",2013,1311,2011,"SR_cov_resid",0.606684688038082,197,197,3.98477157360406,4,3.98477157360406,1.06487145470123,-0.327588902915354,"Chilko","Richness"
"298","richness",6,"Chilko",2014,1312,2012,"SR_cov_resid",0.742058742143178,30,30,3.33333333333333,3,3.33333333333333,0.314347645318773,-0.318536678548296,"Chilko","Richness"
"299","richness",7,"Chilko",2015,1313,2013,"SR_cov_resid",-1.10092223207761,23,23,3.43478260869565,3,3.43478260869565,0.431227637768058,0.707106781186548,"Chilko","Richness"
"300","richness",8,"Gates",2012,1479,2010,"SR_cov_resid",-1.14368456200958,11,9,3.11111111111111,3,2.54545454545455,0.0583248047155816,NA,"Gates","Richness"
"301","richness",9,"Gates",2013,1480,2011,"SR_cov_resid",-0.341710855951546,40,40,2.95,3,2.95,-0.127291754721732,NA,"Gates","Richness"
"302","richness",10,"Gates",2015,1482,2013,"SR_cov_resid",0.354033138866531,25,22,2.63636363636364,3,2.32,-0.488633082027599,NA,"Gates","Richness"
"303","richness",11,"Nadina",2008,1720,2006,"SR_cov_resid",0.735704110870947,1,1,3,3,3,-0.0696866155860138,NA,"Nadina","Richness"
"304","richness",12,"Pitt",2012,1791,2010,"SR_cov_resid",0.0394305874891034,1,1,3,3,3,-0.0696866155860138,NA,"Pitt","Richness"
"305","richness",13,"Pitt",2013,1792,2011,"SR_cov_resid",1.12999545549457,30,11,2.45454545454545,3,0.9,-0.698106315248403,NA,"Pitt","Richness"
"306","richness",14,"Portage",2012,1854,2010,"SR_cov_resid",0.312269365160085,5,5,2,2,2,-1.22178939830039,NA,"Portage","Richness"
"307","richness",15,"Portage",2013,1855,2011,"SR_cov_resid",-2.76094953064122,30,29,2.68965517241379,2,2.6,-0.427235755049098,NA,"Portage","Richness"
"308","richness",16,"Quesnel",2008,1917,2006,"SR_cov_resid",0.17607715548743,1,1,5,5,5,2.23451894984273,-0.707106781186547,"Quesnel","Richness"
"309","richness",17,"Quesnel",2012,1921,2010,"SR_cov_resid",0.551398321188551,25,25,3.44,4,3.44,0.43723860880831,NA,"Quesnel","Richness"
"310","richness",18,"Quesnel",2013,1922,2011,"SR_cov_resid",-1.11916717140012,95,95,3.29473684210526,3,3.29473684210526,0.269880520371903,NA,"Quesnel","Richness"
"311","richness",19,"Quesnel",2015,1924,2013,"SR_cov_resid",-1.25651342926018,52,44,3.61363636363636,3,3.05769230769231,0.637285546534165,NA,"Quesnel","Richness"
"312","richness",20,"Raft",2012,1988,2010,"SR_cov_resid",0.921330610853227,1,1,2,2,2,-1.22178939830039,NA,"Raft","Richness"
"313","richness",21,"Raft",2013,1989,2011,"SR_cov_resid",0.285596373739357,16,16,3.25,3,3.25,0.218339080092579,NA,"Raft","Richness"
"314","richness",22,"Raft",2015,1991,2013,"SR_cov_resid",-1.63954921242504,29,28,2.71428571428571,3,2.62068965517241,-0.398858839218696,NA,"Raft","Richness"
"315","richness",23,"Scotch",2008,2035,2006,"SR_cov_resid",0.367592322115916,4,4,3.25,3.5,3.25,0.218339080092579,NA,"Scotch","Richness"
"316","richness",24,"Scotch",2012,2039,2010,"SR_cov_resid",-0.581486679711928,22,22,2.22727272727273,2,2.22727272727273,-0.959947856774388,NA,"Scotch","Richness"
"317","richness",25,"Seymour",2008,2102,2006,"SR_cov_resid",0.923360797503033,1,1,1,1,1,-2.37389218101476,NA,"Seymour","Richness"
"318","richness",26,"Seymour",2011,2105,2009,"SR_cov_resid",1.07400822811678,2,2,2.5,2.5,2.5,-0.6457380069432,NA,"Seymour","Richness"
"319","richness",27,"Seymour",2012,2106,2010,"SR_cov_resid",-0.654741715033726,19,19,2.84210526315789,3,2.84210526315789,-0.251597581277762,NA,"Seymour","Richness"
"320","richness",28,"Stellako",2011,2172,2009,"SR_cov_resid",1.26276082483126,2,2,3,3,3,-0.0696866155860138,-0.477214355213367,"Stellako","Richness"
"321","richness",29,"Stellako",2012,2173,2010,"SR_cov_resid",1.08126350830362,6,6,1.5,1.5,1.5,-1.79784078965757,NA,"Stellako","Richness"
"322","richness",30,"Stellako",2013,2174,2011,"SR_cov_resid",-1.07113210474373,47,44,2.70454545454545,2,2.53191489361702,-0.41008061956981,NA,"Stellako","Richness"
"323","richness",31,"Stellako",2015,2176,2013,"SR_cov_resid",-0.385136581427814,20,17,3.35294117647059,3,2.85,0.336937895960237,NA,"Stellako","Richness"
"324","richness",32,"Weaver",2012,2224,2010,"SR_cov_resid",-0.703881337982957,1,1,3,3,3,-0.0696866155860138,NA,"Weaver","Richness"
"325","richness",33,"Weaver",2015,2227,2013,"SR_cov_resid",-0.200278242308706,26,25,3.92,4,3.76923076923077,0.990247944511208,NA,"Weaver","Richness"
"326","rlo",498,"Chilko",2011,1309,2009,"SR_cov_resid",0.30629425435431,29,2,0.0689655172413793,26.8754478375,1.8534791612069,-0.333305666933478,-0.364497770643753,"Chilko","RLO"
"327","rlo",499,"Chilko",2012,1310,2010,"SR_cov_resid",0.685458079567512,92,0,0,NA,NA,-0.975208766784273,0.0949407259654032,"Chilko","RLO"
"328","rlo",500,"Chilko",2013,1311,2011,"SR_cov_resid",0.606684688038082,197,13,0.065989847715736,0.216646784153846,0.0142964882944162,-0.361001993576787,0.171030832869435,"Chilko","RLO"
"329","rlo",501,"Chilko",2014,1312,2012,"SR_cov_resid",0.742058742143178,30,0,0,NA,NA,-0.975208766784273,-0.213710856084763,"Chilko","RLO"
"330","rlo",502,"Chilko",2015,1313,2013,"SR_cov_resid",-1.10092223207761,23,1,0.0434782608695652,8.62990938,0.375213451304348,-0.57053072557399,-0.137569375559098,"Chilko","RLO"
"331","rlo",503,"Gates",2012,1479,2010,"SR_cov_resid",-1.14368456200958,11,2,0.181818181818182,0.3849896775,0.0699981231818182,0.71708122373146,0.0690887493134205,"Gates","RLO"
"332","rlo",504,"Gates",2013,1480,2011,"SR_cov_resid",-0.341710855951546,40,7,0.175,5.06999729385714,0.887249526425,0.653620349087119,-0.328655151666538,"Gates","RLO"
"333","rlo",505,"Gates",2015,1482,2013,"SR_cov_resid",0.354033138866531,24,2,0.0833333333333333,0.2404307725,0.0200358977083333,-0.199575854464563,-0.340099233842245,"Gates","RLO"
"334","rlo",508,"Pitt",2013,1792,2011,"SR_cov_resid",1.12999545549457,30,0,0,NA,NA,-0.975208766784273,-0.414316403678522,"Pitt","RLO"
"335","rlo",510,"Portage",2013,1855,2011,"SR_cov_resid",-2.76094953064122,30,2,0.0666666666666667,0.4540655225,0.0302710348333333,-0.354702436928505,-0.396595727642997,"Portage","RLO"
"336","rlo",512,"Quesnel",2012,1921,2010,"SR_cov_resid",0.551398321188551,25,3,0.12,4.98745551733333,0.59849466208,0.14170262695611,-0.396582387148417,"Quesnel","RLO"
"337","rlo",513,"Quesnel",2013,1922,2011,"SR_cov_resid",-1.11916717140012,95,13,0.136842105263158,0.931840519692308,0.127515018484211,0.29846212081441,-0.163198273817726,"Quesnel","RLO"
"338","rlo",514,"Quesnel",2015,1924,2013,"SR_cov_resid",-1.25651342926018,44,6,0.136363636363636,1.11714071683333,0.152337370477273,0.294008726102522,-0.427999187753918,"Quesnel","RLO"
"339","rlo",516,"Raft",2013,1989,2011,"SR_cov_resid",0.285596373739357,16,5,0.3125,234.1021180478,73.1569118899375,1.93341465441464,-0.384434824401281,"Raft","RLO"
"340","rlo",517,"Raft",2015,1991,2013,"SR_cov_resid",-1.63954921242504,29,12,0.413793103448276,21.2610953410833,8.79769462389655,2.8762098323205,-0.427978606775693,"Raft","RLO"
"341","rlo",519,"Scotch",2012,2039,2010,"SR_cov_resid",-0.581486679711928,22,0,0,NA,NA,-0.975208766784273,-0.432113971845236,"Scotch","RLO"
"342","rlo",522,"Seymour",2012,2106,2010,"SR_cov_resid",-0.654741715033726,19,0,0,NA,NA,-0.975208766784273,-0.150002894431489,"Seymour","RLO"
"343","rlo",525,"Stellako",2013,2174,2011,"SR_cov_resid",-1.07113210474373,47,6,0.127659574468085,0.5199126355,0.0663718258085106,0.212994843577836,-0.29134659436407,"Stellako","RLO"
"344","rlo",526,"Stellako",2015,2176,2013,"SR_cov_resid",-0.385136581427814,17,2,0.117647058823529,0.9392667065,0.110501965470588,0.119802403549432,-0.295381697894947,"Stellako","RLO"
"345","rlo",528,"Weaver",2015,2227,2013,"SR_cov_resid",-0.200278242308706,22,1,0.0454545454545455,1.479251042,0.0672386837272727,-0.55213626915534,-0.182485353451367,"Weaver","RLO"
"346","sch",531,"Chilko",2011,1309,2009,"SR_cov_resid",0.30629425435431,29,2,0.0689655172413793,0.940478452,0.0648605828965517,3.80718766699805,-0.380281577097915,"Chilko","Ca. S. salmonis"
"347","sch",532,"Chilko",2012,1310,2010,"SR_cov_resid",0.685458079567512,92,0,0,NA,NA,-0.304986230749619,-0.379262090117187,"Chilko","Ca. S. salmonis"
"348","sch",533,"Chilko",2013,1311,2011,"SR_cov_resid",0.606684688038082,197,0,0,NA,NA,-0.304986230749619,3.4185187401656,"Chilko","Ca. S. salmonis"
"349","sch",534,"Chilko",2014,1312,2012,"SR_cov_resid",0.742058742143178,30,0,0,NA,NA,-0.304986230749619,-0.295453488208738,"Chilko","Ca. S. salmonis"
"350","sch",535,"Chilko",2015,1313,2013,"SR_cov_resid",-1.10092223207761,23,0,0,NA,NA,-0.304986230749619,-0.298565228336471,"Chilko","Ca. S. salmonis"
"351","sch",536,"Gates",2012,1479,2010,"SR_cov_resid",-1.14368456200958,11,0,0,NA,NA,-0.304986230749619,4.11710979710851,"Gates","Ca. S. salmonis"
"352","sch",537,"Gates",2013,1480,2011,"SR_cov_resid",-0.341710855951546,40,0,0,NA,NA,-0.304986230749619,-0.365185977697831,"Gates","Ca. S. salmonis"
"353","sch",538,"Gates",2015,1482,2013,"SR_cov_resid",0.354033138866531,24,0,0,NA,NA,-0.304986230749619,-0.338272880735524,"Gates","Ca. S. salmonis"
"354","sch",541,"Pitt",2013,1792,2011,"SR_cov_resid",1.12999545549457,30,0,0,NA,NA,-0.304986230749619,-0.360876326635698,"Pitt","Ca. S. salmonis"
"355","sch",543,"Portage",2013,1855,2011,"SR_cov_resid",-2.76094953064122,30,1,0.0333333333333333,0.033358975,0.00111196583333333,1.68256448649509,-0.408521525425233,"Portage","Ca. S. salmonis"
"356","sch",545,"Quesnel",2012,1921,2010,"SR_cov_resid",0.551398321188551,25,0,0,NA,NA,-0.304986230749619,-0.224724176171681,"Quesnel","Ca. S. salmonis"
"357","sch",546,"Quesnel",2013,1922,2011,"SR_cov_resid",-1.11916717140012,95,0,0,NA,NA,-0.304986230749619,-0.095397896371358,"Quesnel","Ca. S. salmonis"
"358","sch",547,"Quesnel",2015,1924,2013,"SR_cov_resid",-1.25651342926018,44,0,0,NA,NA,-0.304986230749619,0.622820632377323,"Quesnel","Ca. S. salmonis"
"359","sch",549,"Raft",2013,1989,2011,"SR_cov_resid",0.285596373739357,16,0,0,NA,NA,-0.304986230749619,1.03916069709824,"Raft","Ca. S. salmonis"
"360","sch",550,"Raft",2015,1991,2013,"SR_cov_resid",-1.63954921242504,29,0,0,NA,NA,-0.304986230749619,-0.0159870876476652,"Raft","Ca. S. salmonis"
"361","sch",552,"Scotch",2012,2039,2010,"SR_cov_resid",-0.581486679711928,22,0,0,NA,NA,-0.304986230749619,3.14945626659005,"Scotch","Ca. S. salmonis"
"362","sch",555,"Seymour",2012,2106,2010,"SR_cov_resid",-0.654741715033726,19,0,0,NA,NA,-0.304986230749619,-0.0159870876476652,"Seymour","Ca. S. salmonis"
"363","sch",558,"Stellako",2013,2174,2011,"SR_cov_resid",-1.07113210474373,47,0,0,NA,NA,-0.304986230749619,1.03916069709824,"Stellako","Ca. S. salmonis"
"364","sch",559,"Stellako",2015,2176,2013,"SR_cov_resid",-0.385136581427814,17,0,0,NA,NA,-0.304986230749619,-0.0159870876476652,"Stellako","Ca. S. salmonis"
"365","sch",561,"Weaver",2015,2227,2013,"SR_cov_resid",-0.200278242308706,22,0,0,NA,NA,-0.304986230749619,-0.0159870876476652,"Weaver","Ca. S. salmonis"
"366","sp_des",564,"Chilko",2011,1309,2009,"SR_cov_resid",0.30629425435431,29,0,0,NA,NA,-0.431869297821697,-0.0159870876476652,"Chilko","S. destruens"
"367","sp_des",565,"Chilko",2012,1310,2010,"SR_cov_resid",0.685458079567512,92,1,0.0108695652173913,3.351174539,0.0364258102065217,0.0821335843372447,-0.0159870876476652,"Chilko","S. destruens"
"368","sp_des",566,"Chilko",2013,1311,2011,"SR_cov_resid",0.606684688038082,197,0,0,NA,NA,-0.431869297821697,-0.0159870876476652,"Chilko","S. destruens"
"369","sp_des",567,"Chilko",2014,1312,2012,"SR_cov_resid",0.742058742143178,30,0,0,NA,NA,-0.431869297821697,-0.0159870876476652,"Chilko","S. destruens"
"370","sp_des",568,"Chilko",2015,1313,2013,"SR_cov_resid",-1.10092223207761,23,0,0,NA,NA,-0.431869297821697,-0.0159870876476652,"Chilko","S. destruens"
"371","sp_des",569,"Gates",2012,1479,2010,"SR_cov_resid",-1.14368456200958,11,0,0,NA,NA,-0.431869297821697,-0.0159870876476652,"Gates","S. destruens"
"372","sp_des",570,"Gates",2013,1480,2011,"SR_cov_resid",-0.341710855951546,40,0,0,NA,NA,-0.431869297821697,-1.07113487239357,"Gates","S. destruens"
"373","sp_des",571,"Gates",2015,1482,2013,"SR_cov_resid",0.354033138866531,24,0,0,NA,NA,-0.431869297821697,-1.07113487239357,"Gates","S. destruens"
"374","sp_des",574,"Pitt",2013,1792,2011,"SR_cov_resid",1.12999545549457,30,0,0,NA,NA,-0.431869297821697,2.09430848184414,"Pitt","S. destruens"
"375","sp_des",576,"Portage",2013,1855,2011,"SR_cov_resid",-2.76094953064122,30,0,0,NA,NA,-0.431869297821697,1.03916069709824,"Portage","S. destruens"
"376","sp_des",578,"Quesnel",2012,1921,2010,"SR_cov_resid",0.551398321188551,25,0,0,NA,NA,-0.431869297821697,-0.0159870876476652,"Quesnel","S. destruens"
"377","sp_des",579,"Quesnel",2013,1922,2011,"SR_cov_resid",-1.11916717140012,95,0,0,NA,NA,-0.431869297821697,-0.0159870876476652,"Quesnel","S. destruens"
"378","sp_des",580,"Quesnel",2015,1924,2013,"SR_cov_resid",-1.25651342926018,44,0,0,NA,NA,-0.431869297821697,-1.07113487239357,"Quesnel","S. destruens"
"379","sp_des",582,"Raft",2013,1989,2011,"SR_cov_resid",0.285596373739357,16,1,0.0625,0.628173114,0.039260819625,2.52364727459222,-0.0159870876476652,"Raft","S. destruens"
"380","sp_des",583,"Raft",2015,1991,2013,"SR_cov_resid",-1.63954921242504,29,0,0,NA,NA,-0.431869297821697,-0.0159870876476652,"Raft","S. destruens"
"381","sp_des",585,"Scotch",2012,2039,2010,"SR_cov_resid",-0.581486679711928,22,0,0,NA,NA,-0.431869297821697,0.511586804725287,"Scotch","S. destruens"
"382","sp_des",588,"Seymour",2012,2106,2010,"SR_cov_resid",-0.654741715033726,19,0,0,NA,NA,-0.431869297821697,-1.07113487239357,"Seymour","S. destruens"
"383","sp_des",591,"Stellako",2013,2174,2011,"SR_cov_resid",-1.07113210474373,47,3,0.0638297872340425,85.1311434576667,5.43390277389362,2.58653060592017,-2.12628265713948,"Stellako","S. destruens"
"384","sp_des",592,"Stellako",2015,2176,2013,"SR_cov_resid",-0.385136581427814,17,0,0,NA,NA,-0.431869297821697,-0.543560980020618,"Stellako","S. destruens"
"385","sp_des",594,"Weaver",2015,2227,2013,"SR_cov_resid",-0.200278242308706,22,1,0.0454545454545455,3.27490712,0.148859414545455,1.71759730029752,-0.0159870876476652,"Weaver","S. destruens"
"386","te_bry",597,"Chilko",2011,1309,2009,"SR_cov_resid",0.30629425435431,29,1,0.0344827586206897,55.16848656,1.90236160551724,0.118751744254603,-0.0159870876476652,"Chilko","T. bryosalmonae"
"387","te_bry",598,"Chilko",2012,1310,2010,"SR_cov_resid",0.685458079567512,92,3,0.0326086956521739,191.26229768,6.23681405478261,0.0761205496477007,-1.59870876476652,"Chilko","T. bryosalmonae"
"388","te_bry",599,"Chilko",2013,1311,2011,"SR_cov_resid",0.606684688038082,197,5,0.0253807106598985,226.378108748,5.74563727786802,-0.0883016922930264,-1.07113487239357,"Chilko","T. bryosalmonae"
"389","te_bry",600,"Chilko",2014,1312,2012,"SR_cov_resid",0.742058742143178,30,5,0.166666666666667,1237.035037887,206.1725063145,3.12567200386136,-0.0159870876476652,"Chilko","T. bryosalmonae"
"390","te_bry",601,"Chilko",2015,1313,2013,"SR_cov_resid",-1.10092223207761,23,1,0.0434782608695652,508.5583161,22.1112311347826,0.323381478367727,-0.0159870876476652,"Chilko","T. bryosalmonae"
"391","te_bry",602,"Gates",2012,1479,2010,"SR_cov_resid",-1.14368456200958,11,0,0,NA,NA,-0.665662236512377,1.03916069709824,"Gates","T. bryosalmonae"
"392","te_bry",603,"Gates",2013,1480,2011,"SR_cov_resid",-0.341710855951546,40,1,0.025,11.22588037,0.28064700925,-0.0969621004563172,0.107201729677852,"Gates","T. bryosalmonae"
"393","te_bry",604,"Gates",2015,1482,2013,"SR_cov_resid",0.354033138866531,24,0,0,NA,NA,-0.665662236512377,NA,"Gates","T. bryosalmonae"
"394","te_bry",607,"Pitt",2013,1792,2011,"SR_cov_resid",1.12999545549457,30,0,0,NA,NA,-0.665662236512377,-0.339702805558708,"Pitt","T. bryosalmonae"
"395","te_bry",609,"Portage",2013,1855,2011,"SR_cov_resid",-2.76094953064122,30,0,0,NA,NA,-0.665662236512377,NA,"Portage","T. bryosalmonae"
"396","te_bry",611,"Quesnel",2012,1921,2010,"SR_cov_resid",0.551398321188551,25,1,0.04,175.8770697,7.035082788,0.244257981177319,-0.198664009301672,"Quesnel","T. bryosalmonae"
"397","te_bry",612,"Quesnel",2013,1922,2011,"SR_cov_resid",-1.11916717140012,95,1,0.0105263157894737,930.0576102,9.79008010736842,-0.426209547646667,-0.336880728063149,"Quesnel","T. bryosalmonae"
"398","te_bry",613,"Quesnel",2015,1924,2013,"SR_cov_resid",-1.25651342926018,44,3,0.0681818181818182,94.7286691533333,6.45877289681818,0.885338134549605,-0.258341894033138,"Quesnel","T. bryosalmonae"
"399","te_bry",615,"Raft",2013,1989,2011,"SR_cov_resid",0.285596373739357,16,0,0,NA,NA,-0.665662236512377,-0.339304093994875,"Raft","T. bryosalmonae"
"400","te_bry",616,"Raft",2015,1991,2013,"SR_cov_resid",-1.63954921242504,29,0,0,NA,NA,-0.665662236512377,NA,"Raft","T. bryosalmonae"
"401","te_bry",618,"Scotch",2012,2039,2010,"SR_cov_resid",-0.581486679711928,22,0,0,NA,NA,-0.665662236512377,-0.335722749940126,"Scotch","T. bryosalmonae"
"402","te_bry",621,"Seymour",2012,2106,2010,"SR_cov_resid",-0.654741715033726,19,0,0,NA,NA,-0.665662236512377,-0.25972561321095,"Seymour","T. bryosalmonae"
"403","te_bry",624,"Stellako",2013,2174,2011,"SR_cov_resid",-1.07113210474373,47,1,0.0212765957446809,512.5657833,10.9056549638298,-0.181662120719985,-0.327713394506601,"Stellako","T. bryosalmonae"
"404","te_bry",625,"Stellako",2015,2176,2013,"SR_cov_resid",-0.385136581427814,17,2,0.117647058823529,235.9223966,27.7555760705882,2.01057369786907,-0.324607047063712,"Stellako","T. bryosalmonae"
"405","te_bry",627,"Weaver",2015,2227,2013,"SR_cov_resid",-0.200278242308706,22,0,0,NA,NA,-0.665662236512377,3.58112160152932,"Weaver","T. bryosalmonae"
