"Year","sst_raw","sst_anomaly","Stock.ID"
1950,10.4996659415109,-1.45301819382881,1
1951,11.1057878562382,-0.846896279101472,1
1952,11.2297064917428,-0.722977643596888,1
1953,11.7735470363072,-0.179137099032495,1
1954,11.2220627239772,-0.730621411362472,1
1955,10.8908667564392,-1.06181737890049,1
1956,11.8710631643023,-0.0816209710374221,1
1957,12.3478749820164,0.395190846676727,1
1958,13.2306014469692,1.27791731162946,1
1959,11.9623036384583,0.00961950311855927,1
1960,11.8328381947109,-0.119845940628818,1
1961,12.305883373533,0.353199238193276,1
1962,11.8123912811279,-0.140292854211774,1
1963,12.5906221185412,0.637937983201471,1
1964,11.2862903390612,-0.666393796278503,1
1965,10.9103071689606,-1.04237696637913,1
1966,11.7131859234401,-0.239498211899587,1
1967,11.7375418458666,-0.215142289473077,1
1968,11.540483048984,-0.412201086355718,1
1969,11.3890583515167,-0.563625783822974,1
1970,11.3427294322423,-0.609954703097446,1
1971,10.7318995850427,-1.22078455029702,1
1972,11.3774076529912,-0.575276482348536,1
1973,11.5920849187034,-0.360599216636345,1
1974,11.3970979281834,-0.555586207156286,1
1975,11.243363073894,-0.709321061445739,1
1976,11.1267367090498,-0.825947426289936,1
1977,11.6366580554417,-0.316026079897986,1
1978,12.2922778470176,0.339593711677859,1
1979,11.8755671977997,-0.0771169375400208,1
1980,12.0313435622624,0.0786594269226989,1
1981,11.8230538708823,-0.129630264457387,1
1982,11.316054889134,-0.636629246205698,1
1983,12.8505603585924,0.897876223252741,1
1984,11.4281222139086,-0.524561921431096,1
1985,11.7059590135302,-0.246725121809508,1
1986,11.8420831475939,-0.110600987745788,1
1987,12.0379387991769,0.0852546638371976,1
1988,11.8831453323364,-0.0695388030032672,1
1989,12.4161183834076,0.463434248067893,1
1990,12.346659387861,0.393975252521285,1
1991,11.7161757264818,-0.236508408857857,1
1992,13.0729782581329,1.12029412279324,1
1993,12.8549053668976,0.902221231557887,1
1994,12.503628219877,0.550944084537274,1
1995,12.9392278535026,0.986543718162852,1
1996,11.9836242539542,0.0309401186145129,1
1997,12.9424164295197,0.989732294179962,1
1998,12.9769259861537,1.02424185081404,1
1999,11.250898872103,-0.701785263236688,1
2000,12.3161041736603,0.363420038320582,1
2001,11.5436230387007,-0.409061096639045,1
2002,11.5603755882808,-0.392308547058882,1
2003,12.6575793879373,0.704895252597578,1
2004,13.1624470778874,1.2097629425477,1
2005,12.980352810451,1.02766867511127,1
2006,12.0542481967381,0.10156406139841,1
2007,11.8347712584904,-0.117912876849274,1
2008,10.6401403290885,-1.31254380625121,1
2009,11.2575490134103,-0.695135121929405,1
2010,11.9149286065783,-0.0377555287614115,1
2011,11.8753707749503,-0.0773133603893958,1
2012,11.7948769501278,-0.157807185211948,1
2013,12.2269393035344,0.274255168194671,1
2014,12.3743189062391,0.421634770899397,1
2015,13.3534497192928,1.40076558395307,1
2016,13.3844786371504,1.43179450181067,1
2017,12.4632022721427,0.510518136802986,1
2018,12.8204536778586,0.867769542518921,1
2019,12.6829557418823,0.730271606542627,1
1950,10.4996659415109,-1.45301819382881,4
1951,11.1057878562382,-0.846896279101472,4
1952,11.2297064917428,-0.722977643596888,4
1953,11.7735470363072,-0.179137099032495,4
1954,11.2220627239772,-0.730621411362472,4
1955,10.8908667564392,-1.06181737890049,4
1956,11.8710631643023,-0.0816209710374221,4
1957,12.3478749820164,0.395190846676727,4
1958,13.2306014469692,1.27791731162946,4
1959,11.9623036384583,0.00961950311855927,4
1960,11.8328381947109,-0.119845940628818,4
1961,12.305883373533,0.353199238193276,4
1962,11.8123912811279,-0.140292854211774,4
1963,12.5906221185412,0.637937983201471,4
1964,11.2862903390612,-0.666393796278503,4
1965,10.9103071689606,-1.04237696637913,4
1966,11.7131859234401,-0.239498211899587,4
1967,11.7375418458666,-0.215142289473077,4
1968,11.540483048984,-0.412201086355718,4
1969,11.3890583515167,-0.563625783822974,4
1970,11.3427294322423,-0.609954703097446,4
1971,10.7318995850427,-1.22078455029702,4
1972,11.3774076529912,-0.575276482348536,4
1973,11.5920849187034,-0.360599216636345,4
1974,11.3970979281834,-0.555586207156286,4
1975,11.243363073894,-0.709321061445739,4
1976,11.1267367090498,-0.825947426289936,4
1977,11.6366580554417,-0.316026079897986,4
1978,12.2922778470176,0.339593711677859,4
1979,11.8755671977997,-0.0771169375400208,4
1980,12.0313435622624,0.0786594269226989,4
1981,11.8230538708823,-0.129630264457387,4
1982,11.316054889134,-0.636629246205698,4
1983,12.8505603585924,0.897876223252741,4
1984,11.4281222139086,-0.524561921431096,4
1985,11.7059590135302,-0.246725121809508,4
1986,11.8420831475939,-0.110600987745788,4
1987,12.0379387991769,0.0852546638371976,4
1988,11.8831453323364,-0.0695388030032672,4
1989,12.4161183834076,0.463434248067893,4
1990,12.346659387861,0.393975252521285,4
1991,11.7161757264818,-0.236508408857857,4
1992,13.0729782581329,1.12029412279324,4
1993,12.8549053668976,0.902221231557887,4
1994,12.503628219877,0.550944084537274,4
1995,12.9392278535026,0.986543718162852,4
1996,11.9836242539542,0.0309401186145129,4
1997,12.9424164295197,0.989732294179962,4
1998,12.9769259861537,1.02424185081404,4
1999,11.250898872103,-0.701785263236688,4
2000,12.3161041736603,0.363420038320582,4
2001,11.5436230387007,-0.409061096639045,4
2002,11.5603755882808,-0.392308547058882,4
2003,12.6575793879373,0.704895252597578,4
2004,13.1624470778874,1.2097629425477,4
2005,12.980352810451,1.02766867511127,4
2006,12.0542481967381,0.10156406139841,4
2007,11.8347712584904,-0.117912876849274,4
2008,10.6401403290885,-1.31254380625121,4
2009,11.2575490134103,-0.695135121929405,4
2010,11.9149286065783,-0.0377555287614115,4
2011,11.8753707749503,-0.0773133603893958,4
2012,11.7948769501278,-0.157807185211948,4
2013,12.2269393035344,0.274255168194671,4
2014,12.3743189062391,0.421634770899397,4
2015,13.3534497192928,1.40076558395307,4
2016,13.3844786371504,1.43179450181067,4
2017,12.4632022721427,0.510518136802986,4
2018,12.8204536778586,0.867769542518921,4
2019,12.6829557418823,0.730271606542627,4
1950,10.4996659415109,-1.45301819382881,14
1951,11.1057878562382,-0.846896279101472,14
1952,11.2297064917428,-0.722977643596888,14
1953,11.7735470363072,-0.179137099032495,14
1954,11.2220627239772,-0.730621411362472,14
1955,10.8908667564392,-1.06181737890049,14
1956,11.8710631643023,-0.0816209710374221,14
1957,12.3478749820164,0.395190846676727,14
1958,13.2306014469692,1.27791731162946,14
1959,11.9623036384583,0.00961950311855927,14
1960,11.8328381947109,-0.119845940628818,14
1961,12.305883373533,0.353199238193276,14
1962,11.8123912811279,-0.140292854211774,14
1963,12.5906221185412,0.637937983201471,14
1964,11.2862903390612,-0.666393796278503,14
1965,10.9103071689606,-1.04237696637913,14
1966,11.7131859234401,-0.239498211899587,14
1967,11.7375418458666,-0.215142289473077,14
1968,11.540483048984,-0.412201086355718,14
1969,11.3890583515167,-0.563625783822974,14
1970,11.3427294322423,-0.609954703097446,14
1971,10.7318995850427,-1.22078455029702,14
1972,11.3774076529912,-0.575276482348536,14
1973,11.5920849187034,-0.360599216636345,14
1974,11.3970979281834,-0.555586207156286,14
1975,11.243363073894,-0.709321061445739,14
1976,11.1267367090498,-0.825947426289936,14
1977,11.6366580554417,-0.316026079897986,14
1978,12.2922778470176,0.339593711677859,14
1979,11.8755671977997,-0.0771169375400208,14
1980,12.0313435622624,0.0786594269226989,14
1981,11.8230538708823,-0.129630264457387,14
1982,11.316054889134,-0.636629246205698,14
1983,12.8505603585924,0.897876223252741,14
1984,11.4281222139086,-0.524561921431096,14
1985,11.7059590135302,-0.246725121809508,14
1986,11.8420831475939,-0.110600987745788,14
1987,12.0379387991769,0.0852546638371976,14
1988,11.8831453323364,-0.0695388030032672,14
1989,12.4161183834076,0.463434248067893,14
1990,12.346659387861,0.393975252521285,14
1991,11.7161757264818,-0.236508408857857,14
1992,13.0729782581329,1.12029412279324,14
1993,12.8549053668976,0.902221231557887,14
1994,12.503628219877,0.550944084537274,14
1995,12.9392278535026,0.986543718162852,14
1996,11.9836242539542,0.0309401186145129,14
1997,12.9424164295197,0.989732294179962,14
1998,12.9769259861537,1.02424185081404,14
1999,11.250898872103,-0.701785263236688,14
2000,12.3161041736603,0.363420038320582,14
2001,11.5436230387007,-0.409061096639045,14
2002,11.5603755882808,-0.392308547058882,14
2003,12.6575793879373,0.704895252597578,14
2004,13.1624470778874,1.2097629425477,14
2005,12.980352810451,1.02766867511127,14
2006,12.0542481967381,0.10156406139841,14
2007,11.8347712584904,-0.117912876849274,14
2008,10.6401403290885,-1.31254380625121,14
2009,11.2575490134103,-0.695135121929405,14
2010,11.9149286065783,-0.0377555287614115,14
2011,11.8753707749503,-0.0773133603893958,14
2012,11.7948769501278,-0.157807185211948,14
2013,12.2269393035344,0.274255168194671,14
2014,12.3743189062391,0.421634770899397,14
2015,13.3534497192928,1.40076558395307,14
2016,13.3844786371504,1.43179450181067,14
2017,12.4632022721427,0.510518136802986,14
2018,12.8204536778586,0.867769542518921,14
2019,12.6829557418823,0.730271606542627,14
1950,10.4996659415109,-1.45301819382881,16
1951,11.1057878562382,-0.846896279101472,16
1952,11.2297064917428,-0.722977643596888,16
1953,11.7735470363072,-0.179137099032495,16
1954,11.2220627239772,-0.730621411362472,16
1955,10.8908667564392,-1.06181737890049,16
1956,11.8710631643023,-0.0816209710374221,16
1957,12.3478749820164,0.395190846676727,16
1958,13.2306014469692,1.27791731162946,16
1959,11.9623036384583,0.00961950311855927,16
1960,11.8328381947109,-0.119845940628818,16
1961,12.305883373533,0.353199238193276,16
1962,11.8123912811279,-0.140292854211774,16
1963,12.5906221185412,0.637937983201471,16
1964,11.2862903390612,-0.666393796278503,16
1965,10.9103071689606,-1.04237696637913,16
1966,11.7131859234401,-0.239498211899587,16
1967,11.7375418458666,-0.215142289473077,16
1968,11.540483048984,-0.412201086355718,16
1969,11.3890583515167,-0.563625783822974,16
1970,11.3427294322423,-0.609954703097446,16
1971,10.7318995850427,-1.22078455029702,16
1972,11.3774076529912,-0.575276482348536,16
1973,11.5920849187034,-0.360599216636345,16
1974,11.3970979281834,-0.555586207156286,16
1975,11.243363073894,-0.709321061445739,16
1976,11.1267367090498,-0.825947426289936,16
1977,11.6366580554417,-0.316026079897986,16
1978,12.2922778470176,0.339593711677859,16
1979,11.8755671977997,-0.0771169375400208,16
1980,12.0313435622624,0.0786594269226989,16
1981,11.8230538708823,-0.129630264457387,16
1982,11.316054889134,-0.636629246205698,16
1983,12.8505603585924,0.897876223252741,16
1984,11.4281222139086,-0.524561921431096,16
1985,11.7059590135302,-0.246725121809508,16
1986,11.8420831475939,-0.110600987745788,16
1987,12.0379387991769,0.0852546638371976,16
1988,11.8831453323364,-0.0695388030032672,16
1989,12.4161183834076,0.463434248067893,16
1990,12.346659387861,0.393975252521285,16
1991,11.7161757264818,-0.236508408857857,16
1992,13.0729782581329,1.12029412279324,16
1993,12.8549053668976,0.902221231557887,16
1994,12.503628219877,0.550944084537274,16
1995,12.9392278535026,0.986543718162852,16
1996,11.9836242539542,0.0309401186145129,16
1997,12.9424164295197,0.989732294179962,16
1998,12.9769259861537,1.02424185081404,16
1999,11.250898872103,-0.701785263236688,16
2000,12.3161041736603,0.363420038320582,16
2001,11.5436230387007,-0.409061096639045,16
2002,11.5603755882808,-0.392308547058882,16
2003,12.6575793879373,0.704895252597578,16
2004,13.1624470778874,1.2097629425477,16
2005,12.980352810451,1.02766867511127,16
2006,12.0542481967381,0.10156406139841,16
2007,11.8347712584904,-0.117912876849274,16
2008,10.6401403290885,-1.31254380625121,16
2009,11.2575490134103,-0.695135121929405,16
2010,11.9149286065783,-0.0377555287614115,16
2011,11.8753707749503,-0.0773133603893958,16
2012,11.7948769501278,-0.157807185211948,16
2013,12.2269393035344,0.274255168194671,16
2014,12.3743189062391,0.421634770899397,16
2015,13.3534497192928,1.40076558395307,16
2016,13.3844786371504,1.43179450181067,16
2017,12.4632022721427,0.510518136802986,16
2018,12.8204536778586,0.867769542518921,16
2019,12.6829557418823,0.730271606542627,16
1950,10.4996659415109,-1.45301819382881,17
1951,11.1057878562382,-0.846896279101472,17
1952,11.2297064917428,-0.722977643596888,17
1953,11.7735470363072,-0.179137099032495,17
1954,11.2220627239772,-0.730621411362472,17
1955,10.8908667564392,-1.06181737890049,17
1956,11.8710631643023,-0.0816209710374221,17
1957,12.3478749820164,0.395190846676727,17
1958,13.2306014469692,1.27791731162946,17
1959,11.9623036384583,0.00961950311855927,17
1960,11.8328381947109,-0.119845940628818,17
1961,12.305883373533,0.353199238193276,17
1962,11.8123912811279,-0.140292854211774,17
1963,12.5906221185412,0.637937983201471,17
1964,11.2862903390612,-0.666393796278503,17
1965,10.9103071689606,-1.04237696637913,17
1966,11.7131859234401,-0.239498211899587,17
1967,11.7375418458666,-0.215142289473077,17
1968,11.540483048984,-0.412201086355718,17
1969,11.3890583515167,-0.563625783822974,17
1970,11.3427294322423,-0.609954703097446,17
1971,10.7318995850427,-1.22078455029702,17
1972,11.3774076529912,-0.575276482348536,17
1973,11.5920849187034,-0.360599216636345,17
1974,11.3970979281834,-0.555586207156286,17
1975,11.243363073894,-0.709321061445739,17
1976,11.1267367090498,-0.825947426289936,17
1977,11.6366580554417,-0.316026079897986,17
1978,12.2922778470176,0.339593711677859,17
1979,11.8755671977997,-0.0771169375400208,17
1980,12.0313435622624,0.0786594269226989,17
1981,11.8230538708823,-0.129630264457387,17
1982,11.316054889134,-0.636629246205698,17
1983,12.8505603585924,0.897876223252741,17
1984,11.4281222139086,-0.524561921431096,17
1985,11.7059590135302,-0.246725121809508,17
1986,11.8420831475939,-0.110600987745788,17
1987,12.0379387991769,0.0852546638371976,17
1988,11.8831453323364,-0.0695388030032672,17
1989,12.4161183834076,0.463434248067893,17
1990,12.346659387861,0.393975252521285,17
1991,11.7161757264818,-0.236508408857857,17
1992,13.0729782581329,1.12029412279324,17
1993,12.8549053668976,0.902221231557887,17
1994,12.503628219877,0.550944084537274,17
1995,12.9392278535026,0.986543718162852,17
1996,11.9836242539542,0.0309401186145129,17
1997,12.9424164295197,0.989732294179962,17
1998,12.9769259861537,1.02424185081404,17
1999,11.250898872103,-0.701785263236688,17
2000,12.3161041736603,0.363420038320582,17
2001,11.5436230387007,-0.409061096639045,17
2002,11.5603755882808,-0.392308547058882,17
2003,12.6575793879373,0.704895252597578,17
2004,13.1624470778874,1.2097629425477,17
2005,12.980352810451,1.02766867511127,17
2006,12.0542481967381,0.10156406139841,17
2007,11.8347712584904,-0.117912876849274,17
2008,10.6401403290885,-1.31254380625121,17
2009,11.2575490134103,-0.695135121929405,17
2010,11.9149286065783,-0.0377555287614115,17
2011,11.8753707749503,-0.0773133603893958,17
2012,11.7948769501278,-0.157807185211948,17
2013,12.2269393035344,0.274255168194671,17
2014,12.3743189062391,0.421634770899397,17
2015,13.3534497192928,1.40076558395307,17
2016,13.3844786371504,1.43179450181067,17
2017,12.4632022721427,0.510518136802986,17
2018,12.8204536778586,0.867769542518921,17
2019,12.6829557418823,0.730271606542627,17
1950,10.4996659415109,-1.45301819382881,18
1951,11.1057878562382,-0.846896279101472,18
1952,11.2297064917428,-0.722977643596888,18
1953,11.7735470363072,-0.179137099032495,18
1954,11.2220627239772,-0.730621411362472,18
1955,10.8908667564392,-1.06181737890049,18
1956,11.8710631643023,-0.0816209710374221,18
1957,12.3478749820164,0.395190846676727,18
1958,13.2306014469692,1.27791731162946,18
1959,11.9623036384583,0.00961950311855927,18
1960,11.8328381947109,-0.119845940628818,18
1961,12.305883373533,0.353199238193276,18
1962,11.8123912811279,-0.140292854211774,18
1963,12.5906221185412,0.637937983201471,18
1964,11.2862903390612,-0.666393796278503,18
1965,10.9103071689606,-1.04237696637913,18
1966,11.7131859234401,-0.239498211899587,18
1967,11.7375418458666,-0.215142289473077,18
1968,11.540483048984,-0.412201086355718,18
1969,11.3890583515167,-0.563625783822974,18
1970,11.3427294322423,-0.609954703097446,18
1971,10.7318995850427,-1.22078455029702,18
1972,11.3774076529912,-0.575276482348536,18
1973,11.5920849187034,-0.360599216636345,18
1974,11.3970979281834,-0.555586207156286,18
1975,11.243363073894,-0.709321061445739,18
1976,11.1267367090498,-0.825947426289936,18
1977,11.6366580554417,-0.316026079897986,18
1978,12.2922778470176,0.339593711677859,18
1979,11.8755671977997,-0.0771169375400208,18
1980,12.0313435622624,0.0786594269226989,18
1981,11.8230538708823,-0.129630264457387,18
1982,11.316054889134,-0.636629246205698,18
1983,12.8505603585924,0.897876223252741,18
1984,11.4281222139086,-0.524561921431096,18
1985,11.7059590135302,-0.246725121809508,18
1986,11.8420831475939,-0.110600987745788,18
1987,12.0379387991769,0.0852546638371976,18
1988,11.8831453323364,-0.0695388030032672,18
1989,12.4161183834076,0.463434248067893,18
1990,12.346659387861,0.393975252521285,18
1991,11.7161757264818,-0.236508408857857,18
1992,13.0729782581329,1.12029412279324,18
1993,12.8549053668976,0.902221231557887,18
1994,12.503628219877,0.550944084537274,18
1995,12.9392278535026,0.986543718162852,18
1996,11.9836242539542,0.0309401186145129,18
1997,12.9424164295197,0.989732294179962,18
1998,12.9769259861537,1.02424185081404,18
1999,11.250898872103,-0.701785263236688,18
2000,12.3161041736603,0.363420038320582,18
2001,11.5436230387007,-0.409061096639045,18
2002,11.5603755882808,-0.392308547058882,18
2003,12.6575793879373,0.704895252597578,18
2004,13.1624470778874,1.2097629425477,18
2005,12.980352810451,1.02766867511127,18
2006,12.0542481967381,0.10156406139841,18
2007,11.8347712584904,-0.117912876849274,18
2008,10.6401403290885,-1.31254380625121,18
2009,11.2575490134103,-0.695135121929405,18
2010,11.9149286065783,-0.0377555287614115,18
2011,11.8753707749503,-0.0773133603893958,18
2012,11.7948769501278,-0.157807185211948,18
2013,12.2269393035344,0.274255168194671,18
2014,12.3743189062391,0.421634770899397,18
2015,13.3534497192928,1.40076558395307,18
2016,13.3844786371504,1.43179450181067,18
2017,12.4632022721427,0.510518136802986,18
2018,12.8204536778586,0.867769542518921,18
2019,12.6829557418823,0.730271606542627,18
1950,10.4996659415109,-1.45301819382881,5
1951,11.1057878562382,-0.846896279101472,5
1952,11.2297064917428,-0.722977643596888,5
1953,11.7735470363072,-0.179137099032495,5
1954,11.2220627239772,-0.730621411362472,5
1955,10.8908667564392,-1.06181737890049,5
1956,11.8710631643023,-0.0816209710374221,5
1957,12.3478749820164,0.395190846676727,5
1958,13.2306014469692,1.27791731162946,5
1959,11.9623036384583,0.00961950311855927,5
1960,11.8328381947109,-0.119845940628818,5
1961,12.305883373533,0.353199238193276,5
1962,11.8123912811279,-0.140292854211774,5
1963,12.5906221185412,0.637937983201471,5
1964,11.2862903390612,-0.666393796278503,5
1965,10.9103071689606,-1.04237696637913,5
1966,11.7131859234401,-0.239498211899587,5
1967,11.7375418458666,-0.215142289473077,5
1968,11.540483048984,-0.412201086355718,5
1969,11.3890583515167,-0.563625783822974,5
1970,11.3427294322423,-0.609954703097446,5
1971,10.7318995850427,-1.22078455029702,5
1972,11.3774076529912,-0.575276482348536,5
1973,11.5920849187034,-0.360599216636345,5
1974,11.3970979281834,-0.555586207156286,5
1975,11.243363073894,-0.709321061445739,5
1976,11.1267367090498,-0.825947426289936,5
1977,11.6366580554417,-0.316026079897986,5
1978,12.2922778470176,0.339593711677859,5
1979,11.8755671977997,-0.0771169375400208,5
1980,12.0313435622624,0.0786594269226989,5
1981,11.8230538708823,-0.129630264457387,5
1982,11.316054889134,-0.636629246205698,5
1983,12.8505603585924,0.897876223252741,5
1984,11.4281222139086,-0.524561921431096,5
1985,11.7059590135302,-0.246725121809508,5
1986,11.8420831475939,-0.110600987745788,5
1987,12.0379387991769,0.0852546638371976,5
1988,11.8831453323364,-0.0695388030032672,5
1989,12.4161183834076,0.463434248067893,5
1990,12.346659387861,0.393975252521285,5
1991,11.7161757264818,-0.236508408857857,5
1992,13.0729782581329,1.12029412279324,5
1993,12.8549053668976,0.902221231557887,5
1994,12.503628219877,0.550944084537274,5
1995,12.9392278535026,0.986543718162852,5
1996,11.9836242539542,0.0309401186145129,5
1997,12.9424164295197,0.989732294179962,5
1998,12.9769259861537,1.02424185081404,5
1999,11.250898872103,-0.701785263236688,5
2000,12.3161041736603,0.363420038320582,5
2001,11.5436230387007,-0.409061096639045,5
2002,11.5603755882808,-0.392308547058882,5
2003,12.6575793879373,0.704895252597578,5
2004,13.1624470778874,1.2097629425477,5
2005,12.980352810451,1.02766867511127,5
2006,12.0542481967381,0.10156406139841,5
2007,11.8347712584904,-0.117912876849274,5
2008,10.6401403290885,-1.31254380625121,5
2009,11.2575490134103,-0.695135121929405,5
2010,11.9149286065783,-0.0377555287614115,5
2011,11.8753707749503,-0.0773133603893958,5
2012,11.7948769501278,-0.157807185211948,5
2013,12.2269393035344,0.274255168194671,5
2014,12.3743189062391,0.421634770899397,5
2015,13.3534497192928,1.40076558395307,5
2016,13.3844786371504,1.43179450181067,5
2017,12.4632022721427,0.510518136802986,5
2018,12.8204536778586,0.867769542518921,5
2019,12.6829557418823,0.730271606542627,5
1950,10.4996659415109,-1.45301819382881,15
1951,11.1057878562382,-0.846896279101472,15
1952,11.2297064917428,-0.722977643596888,15
1953,11.7735470363072,-0.179137099032495,15
1954,11.2220627239772,-0.730621411362472,15
1955,10.8908667564392,-1.06181737890049,15
1956,11.8710631643023,-0.0816209710374221,15
1957,12.3478749820164,0.395190846676727,15
1958,13.2306014469692,1.27791731162946,15
1959,11.9623036384583,0.00961950311855927,15
1960,11.8328381947109,-0.119845940628818,15
1961,12.305883373533,0.353199238193276,15
1962,11.8123912811279,-0.140292854211774,15
1963,12.5906221185412,0.637937983201471,15
1964,11.2862903390612,-0.666393796278503,15
1965,10.9103071689606,-1.04237696637913,15
1966,11.7131859234401,-0.239498211899587,15
1967,11.7375418458666,-0.215142289473077,15
1968,11.540483048984,-0.412201086355718,15
1969,11.3890583515167,-0.563625783822974,15
1970,11.3427294322423,-0.609954703097446,15
1971,10.7318995850427,-1.22078455029702,15
1972,11.3774076529912,-0.575276482348536,15
1973,11.5920849187034,-0.360599216636345,15
1974,11.3970979281834,-0.555586207156286,15
1975,11.243363073894,-0.709321061445739,15
1976,11.1267367090498,-0.825947426289936,15
1977,11.6366580554417,-0.316026079897986,15
1978,12.2922778470176,0.339593711677859,15
1979,11.8755671977997,-0.0771169375400208,15
1980,12.0313435622624,0.0786594269226989,15
1981,11.8230538708823,-0.129630264457387,15
1982,11.316054889134,-0.636629246205698,15
1983,12.8505603585924,0.897876223252741,15
1984,11.4281222139086,-0.524561921431096,15
1985,11.7059590135302,-0.246725121809508,15
1986,11.8420831475939,-0.110600987745788,15
1987,12.0379387991769,0.0852546638371976,15
1988,11.8831453323364,-0.0695388030032672,15
1989,12.4161183834076,0.463434248067893,15
1990,12.346659387861,0.393975252521285,15
1991,11.7161757264818,-0.236508408857857,15
1992,13.0729782581329,1.12029412279324,15
1993,12.8549053668976,0.902221231557887,15
1994,12.503628219877,0.550944084537274,15
1995,12.9392278535026,0.986543718162852,15
1996,11.9836242539542,0.0309401186145129,15
1997,12.9424164295197,0.989732294179962,15
1998,12.9769259861537,1.02424185081404,15
1999,11.250898872103,-0.701785263236688,15
2000,12.3161041736603,0.363420038320582,15
2001,11.5436230387007,-0.409061096639045,15
2002,11.5603755882808,-0.392308547058882,15
2003,12.6575793879373,0.704895252597578,15
2004,13.1624470778874,1.2097629425477,15
2005,12.980352810451,1.02766867511127,15
2006,12.0542481967381,0.10156406139841,15
2007,11.8347712584904,-0.117912876849274,15
2008,10.6401403290885,-1.31254380625121,15
2009,11.2575490134103,-0.695135121929405,15
2010,11.9149286065783,-0.0377555287614115,15
2011,11.8753707749503,-0.0773133603893958,15
2012,11.7948769501278,-0.157807185211948,15
2013,12.2269393035344,0.274255168194671,15
2014,12.3743189062391,0.421634770899397,15
2015,13.3534497192928,1.40076558395307,15
2016,13.3844786371504,1.43179450181067,15
2017,12.4632022721427,0.510518136802986,15
2018,12.8204536778586,0.867769542518921,15
2019,12.6829557418823,0.730271606542627,15
1950,10.4996659415109,-1.45301819382881,8
1951,11.1057878562382,-0.846896279101472,8
1952,11.2297064917428,-0.722977643596888,8
1953,11.7735470363072,-0.179137099032495,8
1954,11.2220627239772,-0.730621411362472,8
1955,10.8908667564392,-1.06181737890049,8
1956,11.8710631643023,-0.0816209710374221,8
1957,12.3478749820164,0.395190846676727,8
1958,13.2306014469692,1.27791731162946,8
1959,11.9623036384583,0.00961950311855927,8
1960,11.8328381947109,-0.119845940628818,8
1961,12.305883373533,0.353199238193276,8
1962,11.8123912811279,-0.140292854211774,8
1963,12.5906221185412,0.637937983201471,8
1964,11.2862903390612,-0.666393796278503,8
1965,10.9103071689606,-1.04237696637913,8
1966,11.7131859234401,-0.239498211899587,8
1967,11.7375418458666,-0.215142289473077,8
1968,11.540483048984,-0.412201086355718,8
1969,11.3890583515167,-0.563625783822974,8
1970,11.3427294322423,-0.609954703097446,8
1971,10.7318995850427,-1.22078455029702,8
1972,11.3774076529912,-0.575276482348536,8
1973,11.5920849187034,-0.360599216636345,8
1974,11.3970979281834,-0.555586207156286,8
1975,11.243363073894,-0.709321061445739,8
1976,11.1267367090498,-0.825947426289936,8
1977,11.6366580554417,-0.316026079897986,8
1978,12.2922778470176,0.339593711677859,8
1979,11.8755671977997,-0.0771169375400208,8
1980,12.0313435622624,0.0786594269226989,8
1981,11.8230538708823,-0.129630264457387,8
1982,11.316054889134,-0.636629246205698,8
1983,12.8505603585924,0.897876223252741,8
1984,11.4281222139086,-0.524561921431096,8
1985,11.7059590135302,-0.246725121809508,8
1986,11.8420831475939,-0.110600987745788,8
1987,12.0379387991769,0.0852546638371976,8
1988,11.8831453323364,-0.0695388030032672,8
1989,12.4161183834076,0.463434248067893,8
1990,12.346659387861,0.393975252521285,8
1991,11.7161757264818,-0.236508408857857,8
1992,13.0729782581329,1.12029412279324,8
1993,12.8549053668976,0.902221231557887,8
1994,12.503628219877,0.550944084537274,8
1995,12.9392278535026,0.986543718162852,8
1996,11.9836242539542,0.0309401186145129,8
1997,12.9424164295197,0.989732294179962,8
1998,12.9769259861537,1.02424185081404,8
1999,11.250898872103,-0.701785263236688,8
2000,12.3161041736603,0.363420038320582,8
2001,11.5436230387007,-0.409061096639045,8
2002,11.5603755882808,-0.392308547058882,8
2003,12.6575793879373,0.704895252597578,8
2004,13.1624470778874,1.2097629425477,8
2005,12.980352810451,1.02766867511127,8
2006,12.0542481967381,0.10156406139841,8
2007,11.8347712584904,-0.117912876849274,8
2008,10.6401403290885,-1.31254380625121,8
2009,11.2575490134103,-0.695135121929405,8
2010,11.9149286065783,-0.0377555287614115,8
2011,11.8753707749503,-0.0773133603893958,8
2012,11.7948769501278,-0.157807185211948,8
2013,12.2269393035344,0.274255168194671,8
2014,12.3743189062391,0.421634770899397,8
2015,13.3534497192928,1.40076558395307,8
2016,13.3844786371504,1.43179450181067,8
2017,12.4632022721427,0.510518136802986,8
2018,12.8204536778586,0.867769542518921,8
2019,12.6829557418823,0.730271606542627,8
1950,10.4996659415109,-1.45301819382881,7
1951,11.1057878562382,-0.846896279101472,7
1952,11.2297064917428,-0.722977643596888,7
1953,11.7735470363072,-0.179137099032495,7
1954,11.2220627239772,-0.730621411362472,7
1955,10.8908667564392,-1.06181737890049,7
1956,11.8710631643023,-0.0816209710374221,7
1957,12.3478749820164,0.395190846676727,7
1958,13.2306014469692,1.27791731162946,7
1959,11.9623036384583,0.00961950311855927,7
1960,11.8328381947109,-0.119845940628818,7
1961,12.305883373533,0.353199238193276,7
1962,11.8123912811279,-0.140292854211774,7
1963,12.5906221185412,0.637937983201471,7
1964,11.2862903390612,-0.666393796278503,7
1965,10.9103071689606,-1.04237696637913,7
1966,11.7131859234401,-0.239498211899587,7
1967,11.7375418458666,-0.215142289473077,7
1968,11.540483048984,-0.412201086355718,7
1969,11.3890583515167,-0.563625783822974,7
1970,11.3427294322423,-0.609954703097446,7
1971,10.7318995850427,-1.22078455029702,7
1972,11.3774076529912,-0.575276482348536,7
1973,11.5920849187034,-0.360599216636345,7
1974,11.3970979281834,-0.555586207156286,7
1975,11.243363073894,-0.709321061445739,7
1976,11.1267367090498,-0.825947426289936,7
1977,11.6366580554417,-0.316026079897986,7
1978,12.2922778470176,0.339593711677859,7
1979,11.8755671977997,-0.0771169375400208,7
1980,12.0313435622624,0.0786594269226989,7
1981,11.8230538708823,-0.129630264457387,7
1982,11.316054889134,-0.636629246205698,7
1983,12.8505603585924,0.897876223252741,7
1984,11.4281222139086,-0.524561921431096,7
1985,11.7059590135302,-0.246725121809508,7
1986,11.8420831475939,-0.110600987745788,7
1987,12.0379387991769,0.0852546638371976,7
1988,11.8831453323364,-0.0695388030032672,7
1989,12.4161183834076,0.463434248067893,7
1990,12.346659387861,0.393975252521285,7
1991,11.7161757264818,-0.236508408857857,7
1992,13.0729782581329,1.12029412279324,7
1993,12.8549053668976,0.902221231557887,7
1994,12.503628219877,0.550944084537274,7
1995,12.9392278535026,0.986543718162852,7
1996,11.9836242539542,0.0309401186145129,7
1997,12.9424164295197,0.989732294179962,7
1998,12.9769259861537,1.02424185081404,7
1999,11.250898872103,-0.701785263236688,7
2000,12.3161041736603,0.363420038320582,7
2001,11.5436230387007,-0.409061096639045,7
2002,11.5603755882808,-0.392308547058882,7
2003,12.6575793879373,0.704895252597578,7
2004,13.1624470778874,1.2097629425477,7
2005,12.980352810451,1.02766867511127,7
2006,12.0542481967381,0.10156406139841,7
2007,11.8347712584904,-0.117912876849274,7
2008,10.6401403290885,-1.31254380625121,7
2009,11.2575490134103,-0.695135121929405,7
2010,11.9149286065783,-0.0377555287614115,7
2011,11.8753707749503,-0.0773133603893958,7
2012,11.7948769501278,-0.157807185211948,7
2013,12.2269393035344,0.274255168194671,7
2014,12.3743189062391,0.421634770899397,7
2015,13.3534497192928,1.40076558395307,7
2016,13.3844786371504,1.43179450181067,7
2017,12.4632022721427,0.510518136802986,7
2018,12.8204536778586,0.867769542518921,7
2019,12.6829557418823,0.730271606542627,7
1950,10.4996659415109,-1.45301819382881,2
1951,11.1057878562382,-0.846896279101472,2
1952,11.2297064917428,-0.722977643596888,2
1953,11.7735470363072,-0.179137099032495,2
1954,11.2220627239772,-0.730621411362472,2
1955,10.8908667564392,-1.06181737890049,2
1956,11.8710631643023,-0.0816209710374221,2
1957,12.3478749820164,0.395190846676727,2
1958,13.2306014469692,1.27791731162946,2
1959,11.9623036384583,0.00961950311855927,2
1960,11.8328381947109,-0.119845940628818,2
1961,12.305883373533,0.353199238193276,2
1962,11.8123912811279,-0.140292854211774,2
1963,12.5906221185412,0.637937983201471,2
1964,11.2862903390612,-0.666393796278503,2
1965,10.9103071689606,-1.04237696637913,2
1966,11.7131859234401,-0.239498211899587,2
1967,11.7375418458666,-0.215142289473077,2
1968,11.540483048984,-0.412201086355718,2
1969,11.3890583515167,-0.563625783822974,2
1970,11.3427294322423,-0.609954703097446,2
1971,10.7318995850427,-1.22078455029702,2
1972,11.3774076529912,-0.575276482348536,2
1973,11.5920849187034,-0.360599216636345,2
1974,11.3970979281834,-0.555586207156286,2
1975,11.243363073894,-0.709321061445739,2
1976,11.1267367090498,-0.825947426289936,2
1977,11.6366580554417,-0.316026079897986,2
1978,12.2922778470176,0.339593711677859,2
1979,11.8755671977997,-0.0771169375400208,2
1980,12.0313435622624,0.0786594269226989,2
1981,11.8230538708823,-0.129630264457387,2
1982,11.316054889134,-0.636629246205698,2
1983,12.8505603585924,0.897876223252741,2
1984,11.4281222139086,-0.524561921431096,2
1985,11.7059590135302,-0.246725121809508,2
1986,11.8420831475939,-0.110600987745788,2
1987,12.0379387991769,0.0852546638371976,2
1988,11.8831453323364,-0.0695388030032672,2
1989,12.4161183834076,0.463434248067893,2
1990,12.346659387861,0.393975252521285,2
1991,11.7161757264818,-0.236508408857857,2
1992,13.0729782581329,1.12029412279324,2
1993,12.8549053668976,0.902221231557887,2
1994,12.503628219877,0.550944084537274,2
1995,12.9392278535026,0.986543718162852,2
1996,11.9836242539542,0.0309401186145129,2
1997,12.9424164295197,0.989732294179962,2
1998,12.9769259861537,1.02424185081404,2
1999,11.250898872103,-0.701785263236688,2
2000,12.3161041736603,0.363420038320582,2
2001,11.5436230387007,-0.409061096639045,2
2002,11.5603755882808,-0.392308547058882,2
2003,12.6575793879373,0.704895252597578,2
2004,13.1624470778874,1.2097629425477,2
2005,12.980352810451,1.02766867511127,2
2006,12.0542481967381,0.10156406139841,2
2007,11.8347712584904,-0.117912876849274,2
2008,10.6401403290885,-1.31254380625121,2
2009,11.2575490134103,-0.695135121929405,2
2010,11.9149286065783,-0.0377555287614115,2
2011,11.8753707749503,-0.0773133603893958,2
2012,11.7948769501278,-0.157807185211948,2
2013,12.2269393035344,0.274255168194671,2
2014,12.3743189062391,0.421634770899397,2
2015,13.3534497192928,1.40076558395307,2
2016,13.3844786371504,1.43179450181067,2
2017,12.4632022721427,0.510518136802986,2
2018,12.8204536778586,0.867769542518921,2
2019,12.6829557418823,0.730271606542627,2
1950,10.4996659415109,-1.45301819382881,6
1951,11.1057878562382,-0.846896279101472,6
1952,11.2297064917428,-0.722977643596888,6
1953,11.7735470363072,-0.179137099032495,6
1954,11.2220627239772,-0.730621411362472,6
1955,10.8908667564392,-1.06181737890049,6
1956,11.8710631643023,-0.0816209710374221,6
1957,12.3478749820164,0.395190846676727,6
1958,13.2306014469692,1.27791731162946,6
1959,11.9623036384583,0.00961950311855927,6
1960,11.8328381947109,-0.119845940628818,6
1961,12.305883373533,0.353199238193276,6
1962,11.8123912811279,-0.140292854211774,6
1963,12.5906221185412,0.637937983201471,6
1964,11.2862903390612,-0.666393796278503,6
1965,10.9103071689606,-1.04237696637913,6
1966,11.7131859234401,-0.239498211899587,6
1967,11.7375418458666,-0.215142289473077,6
1968,11.540483048984,-0.412201086355718,6
1969,11.3890583515167,-0.563625783822974,6
1970,11.3427294322423,-0.609954703097446,6
1971,10.7318995850427,-1.22078455029702,6
1972,11.3774076529912,-0.575276482348536,6
1973,11.5920849187034,-0.360599216636345,6
1974,11.3970979281834,-0.555586207156286,6
1975,11.243363073894,-0.709321061445739,6
1976,11.1267367090498,-0.825947426289936,6
1977,11.6366580554417,-0.316026079897986,6
1978,12.2922778470176,0.339593711677859,6
1979,11.8755671977997,-0.0771169375400208,6
1980,12.0313435622624,0.0786594269226989,6
1981,11.8230538708823,-0.129630264457387,6
1982,11.316054889134,-0.636629246205698,6
1983,12.8505603585924,0.897876223252741,6
1984,11.4281222139086,-0.524561921431096,6
1985,11.7059590135302,-0.246725121809508,6
1986,11.8420831475939,-0.110600987745788,6
1987,12.0379387991769,0.0852546638371976,6
1988,11.8831453323364,-0.0695388030032672,6
1989,12.4161183834076,0.463434248067893,6
1990,12.346659387861,0.393975252521285,6
1991,11.7161757264818,-0.236508408857857,6
1992,13.0729782581329,1.12029412279324,6
1993,12.8549053668976,0.902221231557887,6
1994,12.503628219877,0.550944084537274,6
1995,12.9392278535026,0.986543718162852,6
1996,11.9836242539542,0.0309401186145129,6
1997,12.9424164295197,0.989732294179962,6
1998,12.9769259861537,1.02424185081404,6
1999,11.250898872103,-0.701785263236688,6
2000,12.3161041736603,0.363420038320582,6
2001,11.5436230387007,-0.409061096639045,6
2002,11.5603755882808,-0.392308547058882,6
2003,12.6575793879373,0.704895252597578,6
2004,13.1624470778874,1.2097629425477,6
2005,12.980352810451,1.02766867511127,6
2006,12.0542481967381,0.10156406139841,6
2007,11.8347712584904,-0.117912876849274,6
2008,10.6401403290885,-1.31254380625121,6
2009,11.2575490134103,-0.695135121929405,6
2010,11.9149286065783,-0.0377555287614115,6
2011,11.8753707749503,-0.0773133603893958,6
2012,11.7948769501278,-0.157807185211948,6
2013,12.2269393035344,0.274255168194671,6
2014,12.3743189062391,0.421634770899397,6
2015,13.3534497192928,1.40076558395307,6
2016,13.3844786371504,1.43179450181067,6
2017,12.4632022721427,0.510518136802986,6
2018,12.8204536778586,0.867769542518921,6
2019,12.6829557418823,0.730271606542627,6
1950,10.4996659415109,-1.45301819382881,3
1951,11.1057878562382,-0.846896279101472,3
1952,11.2297064917428,-0.722977643596888,3
1953,11.7735470363072,-0.179137099032495,3
1954,11.2220627239772,-0.730621411362472,3
1955,10.8908667564392,-1.06181737890049,3
1956,11.8710631643023,-0.0816209710374221,3
1957,12.3478749820164,0.395190846676727,3
1958,13.2306014469692,1.27791731162946,3
1959,11.9623036384583,0.00961950311855927,3
1960,11.8328381947109,-0.119845940628818,3
1961,12.305883373533,0.353199238193276,3
1962,11.8123912811279,-0.140292854211774,3
1963,12.5906221185412,0.637937983201471,3
1964,11.2862903390612,-0.666393796278503,3
1965,10.9103071689606,-1.04237696637913,3
1966,11.7131859234401,-0.239498211899587,3
1967,11.7375418458666,-0.215142289473077,3
1968,11.540483048984,-0.412201086355718,3
1969,11.3890583515167,-0.563625783822974,3
1970,11.3427294322423,-0.609954703097446,3
1971,10.7318995850427,-1.22078455029702,3
1972,11.3774076529912,-0.575276482348536,3
1973,11.5920849187034,-0.360599216636345,3
1974,11.3970979281834,-0.555586207156286,3
1975,11.243363073894,-0.709321061445739,3
1976,11.1267367090498,-0.825947426289936,3
1977,11.6366580554417,-0.316026079897986,3
1978,12.2922778470176,0.339593711677859,3
1979,11.8755671977997,-0.0771169375400208,3
1980,12.0313435622624,0.0786594269226989,3
1981,11.8230538708823,-0.129630264457387,3
1982,11.316054889134,-0.636629246205698,3
1983,12.8505603585924,0.897876223252741,3
1984,11.4281222139086,-0.524561921431096,3
1985,11.7059590135302,-0.246725121809508,3
1986,11.8420831475939,-0.110600987745788,3
1987,12.0379387991769,0.0852546638371976,3
1988,11.8831453323364,-0.0695388030032672,3
1989,12.4161183834076,0.463434248067893,3
1990,12.346659387861,0.393975252521285,3
1991,11.7161757264818,-0.236508408857857,3
1992,13.0729782581329,1.12029412279324,3
1993,12.8549053668976,0.902221231557887,3
1994,12.503628219877,0.550944084537274,3
1995,12.9392278535026,0.986543718162852,3
1996,11.9836242539542,0.0309401186145129,3
1997,12.9424164295197,0.989732294179962,3
1998,12.9769259861537,1.02424185081404,3
1999,11.250898872103,-0.701785263236688,3
2000,12.3161041736603,0.363420038320582,3
2001,11.5436230387007,-0.409061096639045,3
2002,11.5603755882808,-0.392308547058882,3
2003,12.6575793879373,0.704895252597578,3
2004,13.1624470778874,1.2097629425477,3
2005,12.980352810451,1.02766867511127,3
2006,12.0542481967381,0.10156406139841,3
2007,11.8347712584904,-0.117912876849274,3
2008,10.6401403290885,-1.31254380625121,3
2009,11.2575490134103,-0.695135121929405,3
2010,11.9149286065783,-0.0377555287614115,3
2011,11.8753707749503,-0.0773133603893958,3
2012,11.7948769501278,-0.157807185211948,3
2013,12.2269393035344,0.274255168194671,3
2014,12.3743189062391,0.421634770899397,3
2015,13.3534497192928,1.40076558395307,3
2016,13.3844786371504,1.43179450181067,3
2017,12.4632022721427,0.510518136802986,3
2018,12.8204536778586,0.867769542518921,3
2019,12.6829557418823,0.730271606542627,3
1950,10.4996659415109,-1.45301819382881,10
1951,11.1057878562382,-0.846896279101472,10
1952,11.2297064917428,-0.722977643596888,10
1953,11.7735470363072,-0.179137099032495,10
1954,11.2220627239772,-0.730621411362472,10
1955,10.8908667564392,-1.06181737890049,10
1956,11.8710631643023,-0.0816209710374221,10
1957,12.3478749820164,0.395190846676727,10
1958,13.2306014469692,1.27791731162946,10
1959,11.9623036384583,0.00961950311855927,10
1960,11.8328381947109,-0.119845940628818,10
1961,12.305883373533,0.353199238193276,10
1962,11.8123912811279,-0.140292854211774,10
1963,12.5906221185412,0.637937983201471,10
1964,11.2862903390612,-0.666393796278503,10
1965,10.9103071689606,-1.04237696637913,10
1966,11.7131859234401,-0.239498211899587,10
1967,11.7375418458666,-0.215142289473077,10
1968,11.540483048984,-0.412201086355718,10
1969,11.3890583515167,-0.563625783822974,10
1970,11.3427294322423,-0.609954703097446,10
1971,10.7318995850427,-1.22078455029702,10
1972,11.3774076529912,-0.575276482348536,10
1973,11.5920849187034,-0.360599216636345,10
1974,11.3970979281834,-0.555586207156286,10
1975,11.243363073894,-0.709321061445739,10
1976,11.1267367090498,-0.825947426289936,10
1977,11.6366580554417,-0.316026079897986,10
1978,12.2922778470176,0.339593711677859,10
1979,11.8755671977997,-0.0771169375400208,10
1980,12.0313435622624,0.0786594269226989,10
1981,11.8230538708823,-0.129630264457387,10
1982,11.316054889134,-0.636629246205698,10
1983,12.8505603585924,0.897876223252741,10
1984,11.4281222139086,-0.524561921431096,10
1985,11.7059590135302,-0.246725121809508,10
1986,11.8420831475939,-0.110600987745788,10
1987,12.0379387991769,0.0852546638371976,10
1988,11.8831453323364,-0.0695388030032672,10
1989,12.4161183834076,0.463434248067893,10
1990,12.346659387861,0.393975252521285,10
1991,11.7161757264818,-0.236508408857857,10
1992,13.0729782581329,1.12029412279324,10
1993,12.8549053668976,0.902221231557887,10
1994,12.503628219877,0.550944084537274,10
1995,12.9392278535026,0.986543718162852,10
1996,11.9836242539542,0.0309401186145129,10
1997,12.9424164295197,0.989732294179962,10
1998,12.9769259861537,1.02424185081404,10
1999,11.250898872103,-0.701785263236688,10
2000,12.3161041736603,0.363420038320582,10
2001,11.5436230387007,-0.409061096639045,10
2002,11.5603755882808,-0.392308547058882,10
2003,12.6575793879373,0.704895252597578,10
2004,13.1624470778874,1.2097629425477,10
2005,12.980352810451,1.02766867511127,10
2006,12.0542481967381,0.10156406139841,10
2007,11.8347712584904,-0.117912876849274,10
2008,10.6401403290885,-1.31254380625121,10
2009,11.2575490134103,-0.695135121929405,10
2010,11.9149286065783,-0.0377555287614115,10
2011,11.8753707749503,-0.0773133603893958,10
2012,11.7948769501278,-0.157807185211948,10
2013,12.2269393035344,0.274255168194671,10
2014,12.3743189062391,0.421634770899397,10
2015,13.3534497192928,1.40076558395307,10
2016,13.3844786371504,1.43179450181067,10
2017,12.4632022721427,0.510518136802986,10
2018,12.8204536778586,0.867769542518921,10
2019,12.6829557418823,0.730271606542627,10
1950,10.4996659415109,-1.45301819382881,11
1951,11.1057878562382,-0.846896279101472,11
1952,11.2297064917428,-0.722977643596888,11
1953,11.7735470363072,-0.179137099032495,11
1954,11.2220627239772,-0.730621411362472,11
1955,10.8908667564392,-1.06181737890049,11
1956,11.8710631643023,-0.0816209710374221,11
1957,12.3478749820164,0.395190846676727,11
1958,13.2306014469692,1.27791731162946,11
1959,11.9623036384583,0.00961950311855927,11
1960,11.8328381947109,-0.119845940628818,11
1961,12.305883373533,0.353199238193276,11
1962,11.8123912811279,-0.140292854211774,11
1963,12.5906221185412,0.637937983201471,11
1964,11.2862903390612,-0.666393796278503,11
1965,10.9103071689606,-1.04237696637913,11
1966,11.7131859234401,-0.239498211899587,11
1967,11.7375418458666,-0.215142289473077,11
1968,11.540483048984,-0.412201086355718,11
1969,11.3890583515167,-0.563625783822974,11
1970,11.3427294322423,-0.609954703097446,11
1971,10.7318995850427,-1.22078455029702,11
1972,11.3774076529912,-0.575276482348536,11
1973,11.5920849187034,-0.360599216636345,11
1974,11.3970979281834,-0.555586207156286,11
1975,11.243363073894,-0.709321061445739,11
1976,11.1267367090498,-0.825947426289936,11
1977,11.6366580554417,-0.316026079897986,11
1978,12.2922778470176,0.339593711677859,11
1979,11.8755671977997,-0.0771169375400208,11
1980,12.0313435622624,0.0786594269226989,11
1981,11.8230538708823,-0.129630264457387,11
1982,11.316054889134,-0.636629246205698,11
1983,12.8505603585924,0.897876223252741,11
1984,11.4281222139086,-0.524561921431096,11
1985,11.7059590135302,-0.246725121809508,11
1986,11.8420831475939,-0.110600987745788,11
1987,12.0379387991769,0.0852546638371976,11
1988,11.8831453323364,-0.0695388030032672,11
1989,12.4161183834076,0.463434248067893,11
1990,12.346659387861,0.393975252521285,11
1991,11.7161757264818,-0.236508408857857,11
1992,13.0729782581329,1.12029412279324,11
1993,12.8549053668976,0.902221231557887,11
1994,12.503628219877,0.550944084537274,11
1995,12.9392278535026,0.986543718162852,11
1996,11.9836242539542,0.0309401186145129,11
1997,12.9424164295197,0.989732294179962,11
1998,12.9769259861537,1.02424185081404,11
1999,11.250898872103,-0.701785263236688,11
2000,12.3161041736603,0.363420038320582,11
2001,11.5436230387007,-0.409061096639045,11
2002,11.5603755882808,-0.392308547058882,11
2003,12.6575793879373,0.704895252597578,11
2004,13.1624470778874,1.2097629425477,11
2005,12.980352810451,1.02766867511127,11
2006,12.0542481967381,0.10156406139841,11
2007,11.8347712584904,-0.117912876849274,11
2008,10.6401403290885,-1.31254380625121,11
2009,11.2575490134103,-0.695135121929405,11
2010,11.9149286065783,-0.0377555287614115,11
2011,11.8753707749503,-0.0773133603893958,11
2012,11.7948769501278,-0.157807185211948,11
2013,12.2269393035344,0.274255168194671,11
2014,12.3743189062391,0.421634770899397,11
2015,13.3534497192928,1.40076558395307,11
2016,13.3844786371504,1.43179450181067,11
2017,12.4632022721427,0.510518136802986,11
2018,12.8204536778586,0.867769542518921,11
2019,12.6829557418823,0.730271606542627,11
1950,10.4996659415109,-1.45301819382881,19
1951,11.1057878562382,-0.846896279101472,19
1952,11.2297064917428,-0.722977643596888,19
1953,11.7735470363072,-0.179137099032495,19
1954,11.2220627239772,-0.730621411362472,19
1955,10.8908667564392,-1.06181737890049,19
1956,11.8710631643023,-0.0816209710374221,19
1957,12.3478749820164,0.395190846676727,19
1958,13.2306014469692,1.27791731162946,19
1959,11.9623036384583,0.00961950311855927,19
1960,11.8328381947109,-0.119845940628818,19
1961,12.305883373533,0.353199238193276,19
1962,11.8123912811279,-0.140292854211774,19
1963,12.5906221185412,0.637937983201471,19
1964,11.2862903390612,-0.666393796278503,19
1965,10.9103071689606,-1.04237696637913,19
1966,11.7131859234401,-0.239498211899587,19
1967,11.7375418458666,-0.215142289473077,19
1968,11.540483048984,-0.412201086355718,19
1969,11.3890583515167,-0.563625783822974,19
1970,11.3427294322423,-0.609954703097446,19
1971,10.7318995850427,-1.22078455029702,19
1972,11.3774076529912,-0.575276482348536,19
1973,11.5920849187034,-0.360599216636345,19
1974,11.3970979281834,-0.555586207156286,19
1975,11.243363073894,-0.709321061445739,19
1976,11.1267367090498,-0.825947426289936,19
1977,11.6366580554417,-0.316026079897986,19
1978,12.2922778470176,0.339593711677859,19
1979,11.8755671977997,-0.0771169375400208,19
1980,12.0313435622624,0.0786594269226989,19
1981,11.8230538708823,-0.129630264457387,19
1982,11.316054889134,-0.636629246205698,19
1983,12.8505603585924,0.897876223252741,19
1984,11.4281222139086,-0.524561921431096,19
1985,11.7059590135302,-0.246725121809508,19
1986,11.8420831475939,-0.110600987745788,19
1987,12.0379387991769,0.0852546638371976,19
1988,11.8831453323364,-0.0695388030032672,19
1989,12.4161183834076,0.463434248067893,19
1990,12.346659387861,0.393975252521285,19
1991,11.7161757264818,-0.236508408857857,19
1992,13.0729782581329,1.12029412279324,19
1993,12.8549053668976,0.902221231557887,19
1994,12.503628219877,0.550944084537274,19
1995,12.9392278535026,0.986543718162852,19
1996,11.9836242539542,0.0309401186145129,19
1997,12.9424164295197,0.989732294179962,19
1998,12.9769259861537,1.02424185081404,19
1999,11.250898872103,-0.701785263236688,19
2000,12.3161041736603,0.363420038320582,19
2001,11.5436230387007,-0.409061096639045,19
2002,11.5603755882808,-0.392308547058882,19
2003,12.6575793879373,0.704895252597578,19
2004,13.1624470778874,1.2097629425477,19
2005,12.980352810451,1.02766867511127,19
2006,12.0542481967381,0.10156406139841,19
2007,11.8347712584904,-0.117912876849274,19
2008,10.6401403290885,-1.31254380625121,19
2009,11.2575490134103,-0.695135121929405,19
2010,11.9149286065783,-0.0377555287614115,19
2011,11.8753707749503,-0.0773133603893958,19
2012,11.7948769501278,-0.157807185211948,19
2013,12.2269393035344,0.274255168194671,19
2014,12.3743189062391,0.421634770899397,19
2015,13.3534497192928,1.40076558395307,19
2016,13.3844786371504,1.43179450181067,19
2017,12.4632022721427,0.510518136802986,19
2018,12.8204536778586,0.867769542518921,19
2019,12.6829557418823,0.730271606542627,19
1950,10.4996659415109,-1.45301819382881,9
1951,11.1057878562382,-0.846896279101472,9
1952,11.2297064917428,-0.722977643596888,9
1953,11.7735470363072,-0.179137099032495,9
1954,11.2220627239772,-0.730621411362472,9
1955,10.8908667564392,-1.06181737890049,9
1956,11.8710631643023,-0.0816209710374221,9
1957,12.3478749820164,0.395190846676727,9
1958,13.2306014469692,1.27791731162946,9
1959,11.9623036384583,0.00961950311855927,9
1960,11.8328381947109,-0.119845940628818,9
1961,12.305883373533,0.353199238193276,9
1962,11.8123912811279,-0.140292854211774,9
1963,12.5906221185412,0.637937983201471,9
1964,11.2862903390612,-0.666393796278503,9
1965,10.9103071689606,-1.04237696637913,9
1966,11.7131859234401,-0.239498211899587,9
1967,11.7375418458666,-0.215142289473077,9
1968,11.540483048984,-0.412201086355718,9
1969,11.3890583515167,-0.563625783822974,9
1970,11.3427294322423,-0.609954703097446,9
1971,10.7318995850427,-1.22078455029702,9
1972,11.3774076529912,-0.575276482348536,9
1973,11.5920849187034,-0.360599216636345,9
1974,11.3970979281834,-0.555586207156286,9
1975,11.243363073894,-0.709321061445739,9
1976,11.1267367090498,-0.825947426289936,9
1977,11.6366580554417,-0.316026079897986,9
1978,12.2922778470176,0.339593711677859,9
1979,11.8755671977997,-0.0771169375400208,9
1980,12.0313435622624,0.0786594269226989,9
1981,11.8230538708823,-0.129630264457387,9
1982,11.316054889134,-0.636629246205698,9
1983,12.8505603585924,0.897876223252741,9
1984,11.4281222139086,-0.524561921431096,9
1985,11.7059590135302,-0.246725121809508,9
1986,11.8420831475939,-0.110600987745788,9
1987,12.0379387991769,0.0852546638371976,9
1988,11.8831453323364,-0.0695388030032672,9
1989,12.4161183834076,0.463434248067893,9
1990,12.346659387861,0.393975252521285,9
1991,11.7161757264818,-0.236508408857857,9
1992,13.0729782581329,1.12029412279324,9
1993,12.8549053668976,0.902221231557887,9
1994,12.503628219877,0.550944084537274,9
1995,12.9392278535026,0.986543718162852,9
1996,11.9836242539542,0.0309401186145129,9
1997,12.9424164295197,0.989732294179962,9
1998,12.9769259861537,1.02424185081404,9
1999,11.250898872103,-0.701785263236688,9
2000,12.3161041736603,0.363420038320582,9
2001,11.5436230387007,-0.409061096639045,9
2002,11.5603755882808,-0.392308547058882,9
2003,12.6575793879373,0.704895252597578,9
2004,13.1624470778874,1.2097629425477,9
2005,12.980352810451,1.02766867511127,9
2006,12.0542481967381,0.10156406139841,9
2007,11.8347712584904,-0.117912876849274,9
2008,10.6401403290885,-1.31254380625121,9
2009,11.2575490134103,-0.695135121929405,9
2010,11.9149286065783,-0.0377555287614115,9
2011,11.8753707749503,-0.0773133603893958,9
2012,11.7948769501278,-0.157807185211948,9
2013,12.2269393035344,0.274255168194671,9
2014,12.3743189062391,0.421634770899397,9
2015,13.3534497192928,1.40076558395307,9
2016,13.3844786371504,1.43179450181067,9
2017,12.4632022721427,0.510518136802986,9
2018,12.8204536778586,0.867769542518921,9
2019,12.6829557418823,0.730271606542627,9
1950,10.4996659415109,-1.45301819382881,12
1951,11.1057878562382,-0.846896279101472,12
1952,11.2297064917428,-0.722977643596888,12
1953,11.7735470363072,-0.179137099032495,12
1954,11.2220627239772,-0.730621411362472,12
1955,10.8908667564392,-1.06181737890049,12
1956,11.8710631643023,-0.0816209710374221,12
1957,12.3478749820164,0.395190846676727,12
1958,13.2306014469692,1.27791731162946,12
1959,11.9623036384583,0.00961950311855927,12
1960,11.8328381947109,-0.119845940628818,12
1961,12.305883373533,0.353199238193276,12
1962,11.8123912811279,-0.140292854211774,12
1963,12.5906221185412,0.637937983201471,12
1964,11.2862903390612,-0.666393796278503,12
1965,10.9103071689606,-1.04237696637913,12
1966,11.7131859234401,-0.239498211899587,12
1967,11.7375418458666,-0.215142289473077,12
1968,11.540483048984,-0.412201086355718,12
1969,11.3890583515167,-0.563625783822974,12
1970,11.3427294322423,-0.609954703097446,12
1971,10.7318995850427,-1.22078455029702,12
1972,11.3774076529912,-0.575276482348536,12
1973,11.5920849187034,-0.360599216636345,12
1974,11.3970979281834,-0.555586207156286,12
1975,11.243363073894,-0.709321061445739,12
1976,11.1267367090498,-0.825947426289936,12
1977,11.6366580554417,-0.316026079897986,12
1978,12.2922778470176,0.339593711677859,12
1979,11.8755671977997,-0.0771169375400208,12
1980,12.0313435622624,0.0786594269226989,12
1981,11.8230538708823,-0.129630264457387,12
1982,11.316054889134,-0.636629246205698,12
1983,12.8505603585924,0.897876223252741,12
1984,11.4281222139086,-0.524561921431096,12
1985,11.7059590135302,-0.246725121809508,12
1986,11.8420831475939,-0.110600987745788,12
1987,12.0379387991769,0.0852546638371976,12
1988,11.8831453323364,-0.0695388030032672,12
1989,12.4161183834076,0.463434248067893,12
1990,12.346659387861,0.393975252521285,12
1991,11.7161757264818,-0.236508408857857,12
1992,13.0729782581329,1.12029412279324,12
1993,12.8549053668976,0.902221231557887,12
1994,12.503628219877,0.550944084537274,12
1995,12.9392278535026,0.986543718162852,12
1996,11.9836242539542,0.0309401186145129,12
1997,12.9424164295197,0.989732294179962,12
1998,12.9769259861537,1.02424185081404,12
1999,11.250898872103,-0.701785263236688,12
2000,12.3161041736603,0.363420038320582,12
2001,11.5436230387007,-0.409061096639045,12
2002,11.5603755882808,-0.392308547058882,12
2003,12.6575793879373,0.704895252597578,12
2004,13.1624470778874,1.2097629425477,12
2005,12.980352810451,1.02766867511127,12
2006,12.0542481967381,0.10156406139841,12
2007,11.8347712584904,-0.117912876849274,12
2008,10.6401403290885,-1.31254380625121,12
2009,11.2575490134103,-0.695135121929405,12
2010,11.9149286065783,-0.0377555287614115,12
2011,11.8753707749503,-0.0773133603893958,12
2012,11.7948769501278,-0.157807185211948,12
2013,12.2269393035344,0.274255168194671,12
2014,12.3743189062391,0.421634770899397,12
2015,13.3534497192928,1.40076558395307,12
2016,13.3844786371504,1.43179450181067,12
2017,12.4632022721427,0.510518136802986,12
2018,12.8204536778586,0.867769542518921,12
2019,12.6829557418823,0.730271606542627,12
1950,10.4996659415109,-1.45301819382881,13
1951,11.1057878562382,-0.846896279101472,13
1952,11.2297064917428,-0.722977643596888,13
1953,11.7735470363072,-0.179137099032495,13
1954,11.2220627239772,-0.730621411362472,13
1955,10.8908667564392,-1.06181737890049,13
1956,11.8710631643023,-0.0816209710374221,13
1957,12.3478749820164,0.395190846676727,13
1958,13.2306014469692,1.27791731162946,13
1959,11.9623036384583,0.00961950311855927,13
1960,11.8328381947109,-0.119845940628818,13
1961,12.305883373533,0.353199238193276,13
1962,11.8123912811279,-0.140292854211774,13
1963,12.5906221185412,0.637937983201471,13
1964,11.2862903390612,-0.666393796278503,13
1965,10.9103071689606,-1.04237696637913,13
1966,11.7131859234401,-0.239498211899587,13
1967,11.7375418458666,-0.215142289473077,13
1968,11.540483048984,-0.412201086355718,13
1969,11.3890583515167,-0.563625783822974,13
1970,11.3427294322423,-0.609954703097446,13
1971,10.7318995850427,-1.22078455029702,13
1972,11.3774076529912,-0.575276482348536,13
1973,11.5920849187034,-0.360599216636345,13
1974,11.3970979281834,-0.555586207156286,13
1975,11.243363073894,-0.709321061445739,13
1976,11.1267367090498,-0.825947426289936,13
1977,11.6366580554417,-0.316026079897986,13
1978,12.2922778470176,0.339593711677859,13
1979,11.8755671977997,-0.0771169375400208,13
1980,12.0313435622624,0.0786594269226989,13
1981,11.8230538708823,-0.129630264457387,13
1982,11.316054889134,-0.636629246205698,13
1983,12.8505603585924,0.897876223252741,13
1984,11.4281222139086,-0.524561921431096,13
1985,11.7059590135302,-0.246725121809508,13
1986,11.8420831475939,-0.110600987745788,13
1987,12.0379387991769,0.0852546638371976,13
1988,11.8831453323364,-0.0695388030032672,13
1989,12.4161183834076,0.463434248067893,13
1990,12.346659387861,0.393975252521285,13
1991,11.7161757264818,-0.236508408857857,13
1992,13.0729782581329,1.12029412279324,13
1993,12.8549053668976,0.902221231557887,13
1994,12.503628219877,0.550944084537274,13
1995,12.9392278535026,0.986543718162852,13
1996,11.9836242539542,0.0309401186145129,13
1997,12.9424164295197,0.989732294179962,13
1998,12.9769259861537,1.02424185081404,13
1999,11.250898872103,-0.701785263236688,13
2000,12.3161041736603,0.363420038320582,13
2001,11.5436230387007,-0.409061096639045,13
2002,11.5603755882808,-0.392308547058882,13
2003,12.6575793879373,0.704895252597578,13
2004,13.1624470778874,1.2097629425477,13
2005,12.980352810451,1.02766867511127,13
2006,12.0542481967381,0.10156406139841,13
2007,11.8347712584904,-0.117912876849274,13
2008,10.6401403290885,-1.31254380625121,13
2009,11.2575490134103,-0.695135121929405,13
2010,11.9149286065783,-0.0377555287614115,13
2011,11.8753707749503,-0.0773133603893958,13
2012,11.7948769501278,-0.157807185211948,13
2013,12.2269393035344,0.274255168194671,13
2014,12.3743189062391,0.421634770899397,13
2015,13.3534497192928,1.40076558395307,13
2016,13.3844786371504,1.43179450181067,13
2017,12.4632022721427,0.510518136802986,13
2018,12.8204536778586,0.867769542518921,13
2019,12.6829557418823,0.730271606542627,13
