"","2.5","25","50","75","97.5","agent"
"prev_std","-0.270866546560359","-0.0727083576620679","0.0265231854182456","0.125893398996975","0.318267927907447","arena2"
"b.prev_std.Stock.Birkenhead.","-0.438594947986586","-0.106795557403655","0.0247026826748661","0.14611511489898","0.406689886424107","arena2"
"b.prev_std.Stock.Bowron.","-0.479611831359193","-0.103028226774146","0.0302869200356254","0.148950832225314","0.435157726868512","arena2"
"b.prev_std.Stock.Chilko.","-0.494267039174609","-0.133287823181644","-0.00267337975952805","0.118778737109932","0.350440606991258","arena2"
"b.prev_std.Stock.E.Stuart.","-0.222726680878413","-0.0116220520888132","0.10522445518748","0.229274012727602","0.55636057447214","arena2"
"b.prev_std.Stock.Gates.","-0.528713775848436","-0.13309257674063","0.000459725366739116","0.128755086082903","0.392236068111853","arena2"
"b.prev_std.Stock.Harrison.","-0.445974279955407","-0.10396598008262","0.0195288367064274","0.14387754757468","0.394250736741622","arena2"
"b.prev_std.Stock.L.Shuswap.","-0.435603720497555","-0.116795714490563","0.00595060182252747","0.122203729767583","0.345924564692393","arena2"
"b.prev_std.Stock.L.Stuart.","-0.263477213633582","-0.0562972554827664","0.0512213900447122","0.16112405496193","0.414586879895319","arena2"
"b.prev_std.Stock.Nadina.","-0.368908464862252","-0.0713982128906467","0.0476707489075025","0.173341945426327","0.47934932022986","arena2"
"b.prev_std.Stock.Pitt.","-0.45542323172723","-0.114551187464061","0.0112117612615401","0.127598508417068","0.368902380096266","arena2"
"b.prev_std.Stock.Portage.","-0.419109311799588","-0.081620340915268","0.0465496422417323","0.170532540317093","0.476394732035296","arena2"
"b.prev_std.Stock.Quesnel.","-0.383606298244994","-0.0837916001955981","0.0424201358961739","0.164825617278914","0.442562961934227","arena2"
"b.prev_std.Stock.Raft.","-0.520639879841813","-0.12166599294517","0.0111792004033493","0.1336576457539","0.400274464496678","arena2"
"b.prev_std.Stock.Scotch.","-0.267756269557769","-0.0337463302836786","0.0772627496503142","0.206735234483816","0.493528177888066","arena2"
"b.prev_std.Stock.Seymour.","-0.268024738832267","-0.0500753855268992","0.0503380928602753","0.158759311394025","0.387540815208053","arena2"
"b.prev_std.Stock.Stellako.","-0.530131248609921","-0.120829697680823","0.0132572043815245","0.129186158203612","0.395050332311377","arena2"
"b.prev_std.Stock.Weaver.","-0.594858517970591","-0.145408598370562","-0.00527905559960663","0.123164171475193","0.40741892105155","arena2"
"prev_std","-0.418551504065326","-0.286025884982887","-0.223116560736418","-0.160563551672968","-0.0287208408812302","c_b_cys"
"b.prev_std.Stock.Birkenhead.","-0.475275105212212","-0.303767378418135","-0.221404009672107","-0.142438217453418","0.0432388757244737","c_b_cys"
"b.prev_std.Stock.Bowron.","-0.539163800026024","-0.304470766975314","-0.221253059477691","-0.133465343502047","0.07782559222271","c_b_cys"
"b.prev_std.Stock.Chilko.","-0.469656846984663","-0.288305099524667","-0.210896607489196","-0.126184754274911","0.14830042180763","c_b_cys"
"b.prev_std.Stock.E.Stuart.","-0.526514644295891","-0.310515769908613","-0.226739509492626","-0.140405053685839","0.0523229376098179","c_b_cys"
"b.prev_std.Stock.Gates.","-0.606499892217419","-0.355719458335902","-0.262244946408944","-0.181322066100254","-0.0317290211577743","c_b_cys"
"b.prev_std.Stock.Harrison.","-0.434466505575359","-0.278640645570324","-0.208083269683706","-0.130621340816067","0.0355306286000582","c_b_cys"
"b.prev_std.Stock.L.Shuswap.","-0.528036295442738","-0.307796201757321","-0.226904451229422","-0.146842765646241","0.0180725926776738","c_b_cys"
"b.prev_std.Stock.L.Stuart.","-0.469375935338222","-0.287939773171533","-0.21284838499961","-0.126677623390754","0.0953905117076064","c_b_cys"
"b.prev_std.Stock.Nadina.","-0.479920746551759","-0.298392272246057","-0.217862577970388","-0.13201990250432","0.0910701607679446","c_b_cys"
"b.prev_std.Stock.Pitt.","-0.462866737178747","-0.293095921902382","-0.217218560407184","-0.133858619601099","0.0489838956532196","c_b_cys"
"b.prev_std.Stock.Portage.","-0.540234788578189","-0.311213076543272","-0.224503513836899","-0.139422299121024","0.102812782071202","c_b_cys"
"b.prev_std.Stock.Quesnel.","-0.461489713962469","-0.284261257096421","-0.19994986440599","-0.109737655312903","0.173207216281712","c_b_cys"
"b.prev_std.Stock.Raft.","-0.446099675086544","-0.288903769718186","-0.210774955229876","-0.12973046213112","0.0504601083774864","c_b_cys"
"b.prev_std.Stock.Scotch.","-0.517067531866374","-0.302799268418025","-0.224446080453524","-0.14167760777353","0.0541458935597407","c_b_cys"
"b.prev_std.Stock.Seymour.","-0.508227361241609","-0.306319723144456","-0.221169881221737","-0.139464651496489","0.0951285467172541","c_b_cys"
"b.prev_std.Stock.Stellako.","-0.549482201119114","-0.319432214032081","-0.236694575174785","-0.153449428103694","0.0307899877378577","c_b_cys"
"b.prev_std.Stock.Weaver.","-0.534421685029922","-0.325421925945356","-0.249162274972339","-0.170342249698678","-0.026992765327097","c_b_cys"
"prev_std","-0.29928422697465","-0.160577154661496","-0.0716388303760978","0.0125577324512218","0.194746728701472","ce_sha"
"b.prev_std.Stock.Birkenhead.","-0.570699128504165","-0.335791773595685","-0.226355953836419","-0.126962792846965","0.027478257139982","ce_sha"
"b.prev_std.Stock.Bowron.","-0.508823516605145","-0.207734526330086","-0.0844298674936597","0.0444898721088372","0.501894235564856","ce_sha"
"b.prev_std.Stock.Chilko.","-0.56378859608365","-0.21953694714476","-0.10658567949403","0.0139144035749939","0.379186787786773","ce_sha"
"b.prev_std.Stock.E.Stuart.","-0.442670682069102","-0.207174424733221","-0.109987510855154","-0.00799370657681626","0.274601737860722","ce_sha"
"b.prev_std.Stock.Gates.","-0.575443475375385","-0.229066778653688","-0.116740796239212","0.00253958108250157","0.40262725918288","ce_sha"
"b.prev_std.Stock.Harrison.","-0.43110875208825","-0.184261000482365","-0.077897966681263","0.0643026759966813","0.50226480016192","ce_sha"
"b.prev_std.Stock.L.Shuswap.","-0.314971602143765","-0.121077464657147","-0.00282116783269187","0.174937610036424","0.616617807893593","ce_sha"
"b.prev_std.Stock.L.Stuart.","-0.443862749669146","-0.244364781678946","-0.15665491080286","-0.0672582399781317","0.104803775779683","ce_sha"
"b.prev_std.Stock.Nadina.","-0.349026994696743","-0.160542402216232","-0.0498246227792921","0.0756010288930606","0.452368294733478","ce_sha"
"b.prev_std.Stock.Pitt.","-0.410044905626061","-0.188382552918133","-0.0769719495052334","0.0696017895751365","0.457814591083568","ce_sha"
"b.prev_std.Stock.Portage.","-0.467447698179087","-0.186467219420749","-0.0768504247523525","0.0711729808959111","0.546535844832483","ce_sha"
"b.prev_std.Stock.Quesnel.","-0.460081324427287","-0.212411149587027","-0.103380664917257","0.00696890279040507","0.306003051121063","ce_sha"
"b.prev_std.Stock.Raft.","-0.555790630390414","-0.245593398051907","-0.128070051119631","-0.0133233953004339","0.306314410024969","ce_sha"
"b.prev_std.Stock.Scotch.","-0.311718568810064","-0.128407903226514","-0.0135956600413654","0.168735876056395","0.656713379842332","ce_sha"
"b.prev_std.Stock.Seymour.","-0.364641139438268","-0.166848302961504","-0.0529580261075202","0.0870743259163587","0.480741948120617","ce_sha"
"b.prev_std.Stock.Stellako.","-0.326649828242971","-0.142332914163566","-0.0257231202359835","0.152052665210517","0.716827300299802","ce_sha"
"b.prev_std.Stock.Weaver.","-0.436400257421441","-0.188071159351894","-0.0771896038184798","0.0562225254174151","0.434416702040075","ce_sha"
"prev_std","-0.301078420007879","-0.13334230616546","-0.0546134071751607","0.0234359533840373","0.158167047831915","de_sal"
"b.prev_std.Stock.Birkenhead.","-0.374958062485731","-0.138651371616571","-0.0460698124116506","0.0497752485318502","0.277240609432894","de_sal"
"b.prev_std.Stock.Bowron.","-0.456306580272795","-0.148226770157618","-0.0538024717806129","0.0357644307797638","0.267267976752593","de_sal"
"b.prev_std.Stock.Chilko.","-0.291356140015288","-0.135448202101407","-0.0502516806129321","0.0369079621785805","0.20880342495199","de_sal"
"b.prev_std.Stock.E.Stuart.","-0.469482231391865","-0.159471239635833","-0.0612427730646697","0.0317444122791789","0.251610385008896","de_sal"
"b.prev_std.Stock.Gates.","-0.477140215871027","-0.170034573090202","-0.0612861799140575","0.0387733825053206","0.237893845876259","de_sal"
"b.prev_std.Stock.Harrison.","-0.347065890063223","-0.140152104173004","-0.0487139403710251","0.0420244429142588","0.262724907362384","de_sal"
"b.prev_std.Stock.L.Shuswap.","-0.376235374454364","-0.14815539249453","-0.0586147519118779","0.0314354541653449","0.228260955794722","de_sal"
"b.prev_std.Stock.L.Stuart.","-0.369567156413793","-0.133922231534103","-0.0469360700590919","0.0436022332419323","0.284562019327095","de_sal"
"b.prev_std.Stock.Nadina.","-0.398027865396949","-0.138476170431316","-0.0423985165154253","0.0449231386300888","0.301099192196733","de_sal"
"b.prev_std.Stock.Pitt.","-0.452967571608011","-0.152028785452346","-0.0600571436978566","0.0283815443036004","0.222847302992212","de_sal"
"b.prev_std.Stock.Portage.","-0.374913021300195","-0.142447244945606","-0.0541084770876787","0.0376518581022578","0.271095199589501","de_sal"
"b.prev_std.Stock.Quesnel.","-0.353884346653155","-0.1404021936605","-0.0435492506781743","0.0436436757223507","0.271656842272291","de_sal"
"b.prev_std.Stock.Raft.","-0.393014792538588","-0.148396563710641","-0.0547086833789987","0.0351319273736441","0.233701912490607","de_sal"
"b.prev_std.Stock.Scotch.","-0.26151938064413","-0.106575088373235","-0.0330462242786214","0.0398750945547883","0.186826456998306","de_sal"
"b.prev_std.Stock.Seymour.","-0.314287255032983","-0.143904668084393","-0.0611809770468542","0.0267155496099537","0.171065655016071","de_sal"
"b.prev_std.Stock.Stellako.","-0.430008769786702","-0.152474708016856","-0.0577962041199028","0.0314303049486621","0.235388446405342","de_sal"
"b.prev_std.Stock.Weaver.","-0.490757665920829","-0.158420996600686","-0.0597618089612976","0.0354924381129404","0.251361529937873","de_sal"
"prev_std","-0.229902755051493","-0.0736409855406329","-0.0048606019107954","0.0649448626938818","0.232188621398889","fa_mar"
"b.prev_std.Stock.Birkenhead.","-0.367550898575434","-0.0889790944264812","0.00231687649329576","0.0900687712804279","0.450946064356691","fa_mar"
"b.prev_std.Stock.Bowron.","-0.37096201692998","-0.0967813195730245","-0.00397637407737193","0.0893685047295236","0.353950856250781","fa_mar"
"b.prev_std.Stock.Chilko.","-0.359471569220764","-0.094017759047314","-0.00874477260998034","0.0789048848901981","0.365465937479984","fa_mar"
"b.prev_std.Stock.E.Stuart.","-0.39198561403176","-0.107805699974055","-0.0146467865137955","0.0688219379486459","0.342034783614416","fa_mar"
"b.prev_std.Stock.Gates.","-0.289144997152168","-0.0763788721493277","0.00648127584606967","0.0983948983476463","0.393774103704601","fa_mar"
"b.prev_std.Stock.Harrison.","-0.21022369822669","-0.0833605526566055","-0.0243983664113674","0.0386287649295779","0.157870712610179","fa_mar"
"b.prev_std.Stock.L.Shuswap.","-0.457637234304967","-0.117699797097034","-0.0240045101049871","0.0524785987587166","0.265109210818584","fa_mar"
"b.prev_std.Stock.L.Stuart.","-0.276305263733882","-0.0749208753028728","0.00904910771351013","0.10703720877575","0.48398546079555","fa_mar"
"b.prev_std.Stock.Nadina.","-0.221063821040975","-0.0537595388533351","0.0219941857921215","0.13015808613807","0.498057445818439","fa_mar"
"b.prev_std.Stock.Pitt.","-0.395213280341499","-0.103856640975885","-0.0129006103662627","0.0802204441519493","0.349578319150136","fa_mar"
"b.prev_std.Stock.Portage.","-0.346688930094065","-0.0900993480746967","-0.00457270085191011","0.0929854875585883","0.426677203443502","fa_mar"
"b.prev_std.Stock.Quesnel.","-0.379454813265038","-0.1036710272682","-0.013821808644138","0.0757103481286298","0.358101503149869","fa_mar"
"b.prev_std.Stock.Raft.","-0.381678121281844","-0.0979951218616305","-0.0107389533762337","0.0825751193060071","0.345661341695442","fa_mar"
"b.prev_std.Stock.Scotch.","-0.29965855955043","-0.0800324715710262","0.00390615308870308","0.0937238001786574","0.389608608834921","fa_mar"
"b.prev_std.Stock.Seymour.","-0.379966197763743","-0.0928474886287193","-0.00365974289145955","0.0829257250287945","0.381473281674043","fa_mar"
"b.prev_std.Stock.Stellako.","-0.308778885872249","-0.104436051520562","-0.0266741648414861","0.0538355260220526","0.219322718692971","fa_mar"
"b.prev_std.Stock.Weaver.","-0.396982778321825","-0.100924009552277","-0.0141652234353708","0.0662616844845896","0.317580571716569","fa_mar"
"prev_std","-0.348104785535826","-0.157254982890379","-0.0762155598026613","-0.00116343920211588","0.1655609047075","fl_psy"
"b.prev_std.Stock.Birkenhead.","-0.473795153653373","-0.169778910530757","-0.0735202375547475","0.0196171179893001","0.32787363161","fl_psy"
"b.prev_std.Stock.Bowron.","-0.500535846406661","-0.172588819284849","-0.0785101751946127","0.0181878626560919","0.266614566597588","fl_psy"
"b.prev_std.Stock.Chilko.","-0.35249234027862","-0.142876063362043","-0.0579284060764857","0.0368841819472496","0.298518167766745","fl_psy"
"b.prev_std.Stock.E.Stuart.","-0.522027890636928","-0.190537304103382","-0.0897285464245064","0.00854763354965423","0.259958409255578","fl_psy"
"b.prev_std.Stock.Gates.","-0.528486943442012","-0.186824502044668","-0.0853933184243365","0.00769969650358807","0.235738412031686","fl_psy"
"b.prev_std.Stock.Harrison.","-0.489356777582246","-0.170471158283355","-0.0711562426753025","0.0157029375802511","0.276761168979958","fl_psy"
"b.prev_std.Stock.L.Shuswap.","-0.359894579523058","-0.177260433739883","-0.0877742407292964","-0.011630288220832","0.159093549715424","fl_psy"
"b.prev_std.Stock.L.Stuart.","-0.452474585326553","-0.163163452310964","-0.0676776613911036","0.0262289362319917","0.345952181641282","fl_psy"
"b.prev_std.Stock.Nadina.","-0.274617949012195","-0.134809226003448","-0.0638122415059075","0.00621121642188082","0.135336359058068","fl_psy"
"b.prev_std.Stock.Pitt.","-0.536081929389795","-0.183545799727343","-0.0814195382239429","0.0116426145305929","0.244369683223965","fl_psy"
"b.prev_std.Stock.Portage.","-0.481481483076509","-0.166866872126963","-0.0702753798271773","0.0238943176290141","0.312595990753543","fl_psy"
"b.prev_std.Stock.Quesnel.","-0.487265459379701","-0.186643719007635","-0.0862849973443946","0.00289560728943081","0.219695552455005","fl_psy"
"b.prev_std.Stock.Raft.","-0.464444616185408","-0.179301264842647","-0.0765534549006945","0.0177521689713054","0.276632416888098","fl_psy"
"b.prev_std.Stock.Scotch.","-0.461251620323118","-0.165240551131282","-0.0689963837634338","0.0256080213915428","0.276419813608997","fl_psy"
"b.prev_std.Stock.Seymour.","-0.475361313977949","-0.169506992849603","-0.0720882211386529","0.0175332061251637","0.273020904730789","fl_psy"
"b.prev_std.Stock.Stellako.","-0.438417125123064","-0.161882020972791","-0.0693588931254161","0.0268469462821417","0.29855271542397","fl_psy"
"b.prev_std.Stock.Weaver.","-0.547191351428565","-0.184953661412487","-0.0827144858875401","0.00693092772277927","0.271279949182764","fl_psy"
"prev_std","-0.345853441244315","-0.200474558664514","-0.129896947417418","-0.0570563689067687","0.079418347502132","ic_hof"
"b.prev_std.Stock.Birkenhead.","-0.327974334976798","-0.160242712141911","-0.0718596903613769","0.0363230150725623","0.364441466241236","ic_hof"
"b.prev_std.Stock.Bowron.","-0.553211701824202","-0.227758078025235","-0.128108420197096","-0.0319162382636448","0.251901009638295","ic_hof"
"b.prev_std.Stock.Chilko.","-0.439033995736811","-0.211285321681569","-0.12119394873397","-0.0292008877278856","0.208218792346968","ic_hof"
"b.prev_std.Stock.E.Stuart.","-0.450338233346427","-0.223517372670387","-0.132783041625385","-0.0392486315804785","0.184563106983451","ic_hof"
"b.prev_std.Stock.Gates.","-0.609027035775611","-0.251885345422841","-0.1517070110135","-0.0581446918278409","0.146524087419304","ic_hof"
"b.prev_std.Stock.Harrison.","-0.353809326237901","-0.20503941320244","-0.123944200365294","-0.0384538468672671","0.142387986595478","ic_hof"
"b.prev_std.Stock.L.Shuswap.","-0.720860192364907","-0.296137649601864","-0.181551178407855","-0.0893653123664931","0.0842717955077042","ic_hof"
"b.prev_std.Stock.L.Stuart.","-0.458117632776479","-0.250799007899521","-0.161566883956114","-0.0778215517578492","0.0600784041214565","ic_hof"
"b.prev_std.Stock.Nadina.","-0.488549642594913","-0.2242085693008","-0.128900259646848","-0.0368581010486687","0.188424949983824","ic_hof"
"b.prev_std.Stock.Pitt.","-0.343714350762694","-0.194954174562258","-0.115985870343583","-0.0318421625906873","0.159159787301331","ic_hof"
"b.prev_std.Stock.Portage.","-0.477872632582218","-0.218743975454276","-0.112934551553474","-0.00784824984882104","0.323812796055334","ic_hof"
"b.prev_std.Stock.Quesnel.","-0.544209537355339","-0.22195312634894","-0.12840138687447","-0.0271619040930195","0.212642645843527","ic_hof"
"b.prev_std.Stock.Raft.","-0.580833319276262","-0.241518182267521","-0.145520309380707","-0.0533677734403578","0.199018801832275","ic_hof"
"b.prev_std.Stock.Scotch.","-0.327088705269484","-0.177801787330324","-0.0862062760964316","0.0284850425997985","0.437171806799364","ic_hof"
"b.prev_std.Stock.Seymour.","-0.415482507094755","-0.196982990312103","-0.108021035474505","-0.00860321687326028","0.287596630082963","ic_hof"
"b.prev_std.Stock.Stellako.","-0.527037626174723","-0.246850216881496","-0.143473688019142","-0.0517191028632456","0.141841009619731","ic_hof"
"b.prev_std.Stock.Weaver.","-0.592035881949367","-0.249595314641765","-0.14738034331308","-0.0577647470927567","0.158556034926886","ic_hof"
"prev_std","-0.554097731533171","-0.297002584658965","-0.202055869051363","-0.116126374882204","0.053950061690862","ic_mul"
"b.prev_std.Stock.Birkenhead.","-0.63953759062041","-0.288494630290483","-0.169631710394065","-0.0622893091841252","0.246600985304165","ic_mul"
"b.prev_std.Stock.Bowron.","-0.912188904037979","-0.327988055982244","-0.195555095157994","-0.0851555409894618","0.233842381597916","ic_mul"
"b.prev_std.Stock.Chilko.","-0.759350173576172","-0.316694303112165","-0.194038321080354","-0.0796744871763647","0.212503380007919","ic_mul"
"b.prev_std.Stock.E.Stuart.","-1.09808195718208","-0.437144581887099","-0.246986103952049","-0.131910439065466","0.0712565937490336","ic_mul"
"b.prev_std.Stock.Gates.","-0.638992830001358","-0.275245850543159","-0.167768809590655","-0.0543563702318852","0.314807630539247","ic_mul"
"b.prev_std.Stock.Harrison.","-0.82003947294581","-0.320972033356027","-0.193361885361405","-0.0771635985724183","0.237896828709627","ic_mul"
"b.prev_std.Stock.L.Shuswap.","-1.39149297465076","-0.5142835891581","-0.27557054853697","-0.151631332981171","0.029173307404345","ic_mul"
"b.prev_std.Stock.L.Stuart.","-0.349974811963893","-0.219345388049654","-0.151217554829227","-0.0787891202237127","0.0531478623299085","ic_mul"
"b.prev_std.Stock.Nadina.","-0.469487238017895","-0.251324302950482","-0.154659434118911","-0.0568064605502257","0.192529246564025","ic_mul"
"b.prev_std.Stock.Pitt.","-0.758617140715435","-0.325105909005092","-0.195680530514458","-0.0827294207657736","0.233324732006584","ic_mul"
"b.prev_std.Stock.Portage.","-0.762640822903678","-0.300539362187493","-0.178047395791846","-0.0626927992817379","0.374346828088244","ic_mul"
"b.prev_std.Stock.Quesnel.","-0.796602980713713","-0.314454967246141","-0.18823914318517","-0.0786521464889564","0.266193761192175","ic_mul"
"b.prev_std.Stock.Raft.","-0.805960895571269","-0.318699635950844","-0.193807762600341","-0.0714897784711672","0.25948747536853","ic_mul"
"b.prev_std.Stock.Scotch.","-0.607520969631867","-0.27767525483638","-0.160484117928353","-0.0494976344603866","0.435963162959805","ic_mul"
"b.prev_std.Stock.Seymour.","-0.485899075863708","-0.250455980512738","-0.141967273334066","-0.0330081256315775","0.372367735799935","ic_mul"
"b.prev_std.Stock.Stellako.","-0.824648990037896","-0.318046923062304","-0.190385605198086","-0.0796054534982613","0.247293841168443","ic_mul"
"b.prev_std.Stock.Weaver.","-1.02144661753524","-0.367954337879655","-0.212686052281643","-0.0942639612742538","0.145045606467457","ic_mul"
"prev_std","-0.371027043141707","-0.0882048722991085","-0.00326215737524031","0.0803016224637868","0.228940747176618","ku_thy"
"b.prev_std.Stock.Birkenhead.","-0.214208238062592","-0.0477552509158111","0.0391784027145029","0.126393056558267","0.365763092956158","ku_thy"
"b.prev_std.Stock.Bowron.","-0.723792521766588","-0.103113547765559","0.00116178899261169","0.100652706446208","0.436168746742497","ku_thy"
"b.prev_std.Stock.Chilko.","-0.529477686745307","-0.0988349926188765","0.00535461180578864","0.101283817782988","0.477901794392696","ku_thy"
"b.prev_std.Stock.E.Stuart.","-0.591000602046062","-0.100731579852612","0.00541297172462451","0.112581283542533","0.525504018432067","ku_thy"
"b.prev_std.Stock.Gates.","-0.178406420683373","-0.0408861750661212","0.0377502094419136","0.123823210585085","0.334421342351869","ku_thy"
"b.prev_std.Stock.Harrison.","-0.625162399837215","-0.101799717031931","0.00173661532563676","0.0989664448958695","0.401251917624815","ku_thy"
"b.prev_std.Stock.L.Shuswap.","-0.993795037544483","-0.166326398100726","-0.0296673280692115","0.0668837244464165","0.263427685482563","ku_thy"
"b.prev_std.Stock.L.Stuart.","-0.560765704591384","-0.0997385040344938","0.00657460607989294","0.111956839607583","0.535215313106943","ku_thy"
"b.prev_std.Stock.Nadina.","-0.202721397198681","-0.0731390597284871","-0.00558142569438332","0.0627504861797657","0.187557751358528","ku_thy"
"b.prev_std.Stock.Pitt.","-0.546299945063255","-0.0990578821694932","-0.00115266706253192","0.100308209057603","0.416492333477943","ku_thy"
"b.prev_std.Stock.Portage.","-0.614365659888533","-0.103760299270679","0.00591142823866433","0.10469704948343","0.464825843058042","ku_thy"
"b.prev_std.Stock.Quesnel.","-0.580561002833867","-0.101921213701706","0.0120639387705281","0.112540445908702","0.566866373270099","ku_thy"
"b.prev_std.Stock.Raft.","-0.584528286750933","-0.102632362774555","0.000482061971573749","0.100303467217423","0.422979303350617","ku_thy"
"b.prev_std.Stock.Scotch.","-0.587415390538181","-0.0989205578016896","0.00643661630628631","0.107227452942882","0.454738949426117","ku_thy"
"b.prev_std.Stock.Seymour.","-0.594904431150676","-0.10085150885733","0.00778260030266233","0.102455191083383","0.470565354356293","ku_thy"
"b.prev_std.Stock.Stellako.","-1.268006181657","-0.174199397169514","-0.037377589607352","0.0576451409491544","0.246616069128619","ku_thy"
"b.prev_std.Stock.Weaver.","-0.78012474679889","-0.12382349872516","-0.0039184210249993","0.0985710182901854","0.42426028916068","ku_thy"
"prev_std","-0.382077090049021","-0.236849239801887","-0.1690318360424","-0.0995224774464573","0.0388023237443033","lo_sal"
"b.prev_std.Stock.Birkenhead.","-0.347683030341982","-0.203611623525588","-0.124769966681556","-0.0353901104573933","0.218765486509275","lo_sal"
"b.prev_std.Stock.Bowron.","-0.478338179679902","-0.254447050057063","-0.168549943251876","-0.0753127953595248","0.151280448851708","lo_sal"
"b.prev_std.Stock.Chilko.","-0.443064498524684","-0.242844682067173","-0.163304880702999","-0.0733646434173266","0.159939315386029","lo_sal"
"b.prev_std.Stock.E.Stuart.","-0.538887487354681","-0.269226773120942","-0.183688029184239","-0.100660452872646","0.0726079709411322","lo_sal"
"b.prev_std.Stock.Gates.","-0.506108573975736","-0.261548762877369","-0.17744162082938","-0.0908767642077994","0.105025224719853","lo_sal"
"b.prev_std.Stock.Harrison.","-0.480005429315132","-0.246296680042497","-0.167383366924274","-0.0784280794912081","0.168519500981122","lo_sal"
"b.prev_std.Stock.L.Shuswap.","-0.440319110729453","-0.236634167168776","-0.151438034676855","-0.0576988425029362","0.199471474903623","lo_sal"
"b.prev_std.Stock.L.Stuart.","-0.555606723137562","-0.278973538562469","-0.188943455986766","-0.102609274938895","0.0564541924326208","lo_sal"
"b.prev_std.Stock.Nadina.","-0.443235511934873","-0.2480149324694","-0.167588166579701","-0.0874867757325402","0.103515726192966","lo_sal"
"b.prev_std.Stock.Pitt.","-0.451271571408245","-0.247617243654068","-0.16709704162832","-0.078995356005401","0.130574262595547","lo_sal"
"b.prev_std.Stock.Portage.","-0.463468747904728","-0.250609603301197","-0.164990605204591","-0.0760243475906985","0.154498987739063","lo_sal"
"b.prev_std.Stock.Quesnel.","-0.461731923939581","-0.254828027379015","-0.167962974793116","-0.0832619743811586","0.113186704585749","lo_sal"
"b.prev_std.Stock.Raft.","-0.410148274213267","-0.25555590232938","-0.178021228297444","-0.10271995863618","0.0510665271749233","lo_sal"
"b.prev_std.Stock.Scotch.","-0.385630295450193","-0.232912426734596","-0.157632730761931","-0.079480399384058","0.0881651324459184","lo_sal"
"b.prev_std.Stock.Seymour.","-0.461262363422039","-0.236052688642701","-0.157336368563435","-0.0641931736060311","0.172051764382207","lo_sal"
"b.prev_std.Stock.Stellako.","-0.502940549392591","-0.270979126398577","-0.186689159395629","-0.100571558650666","0.0657749879081562","lo_sal"
"b.prev_std.Stock.Weaver.","-0.518424573060802","-0.2688164241035","-0.179519055022053","-0.0876375082007928","0.126760653159618","lo_sal"
"prev_std","-0.2824269399699","-0.15894638674913","-0.0961872682572444","-0.0317635999857034","0.0869110915307418","my_arc"
"b.prev_std.Stock.Birkenhead.","-0.425247572424587","-0.199300383696537","-0.11663116960969","-0.0374038095512073","0.115967946683169","my_arc"
"b.prev_std.Stock.Bowron.","-0.356833840057891","-0.168681535956568","-0.0915174504024633","-0.00756249207628143","0.175880476902181","my_arc"
"b.prev_std.Stock.Chilko.","-0.376977616870651","-0.192667573530856","-0.111728668297513","-0.0337596281841008","0.129531993494987","my_arc"
"b.prev_std.Stock.E.Stuart.","-0.405276822177043","-0.19142589216628","-0.111070786376381","-0.0346620273780166","0.13057506695931","my_arc"
"b.prev_std.Stock.Gates.","-0.346886693854633","-0.175023824673891","-0.100286760863242","-0.0235353019614734","0.142425963634437","my_arc"
"b.prev_std.Stock.Harrison.","-0.34133463896181","-0.164031246500511","-0.0911593078883566","-0.00831544209221906","0.20013228207322","my_arc"
"b.prev_std.Stock.L.Shuswap.","-0.493724145589801","-0.203390321645674","-0.119375361225028","-0.0372758258188022","0.109533300777757","my_arc"
"b.prev_std.Stock.L.Stuart.","-0.313879844158548","-0.157631725334654","-0.0732860013865369","0.0144009942965199","0.252738635405359","my_arc"
"b.prev_std.Stock.Nadina.","-0.367415993893367","-0.170783517371832","-0.0929911223968345","-0.0117035168467217","0.178588024935336","my_arc"
"b.prev_std.Stock.Pitt.","-0.340699649029488","-0.174082772315685","-0.0890912530153142","-0.00582894356754659","0.18130457694045","my_arc"
"b.prev_std.Stock.Portage.","-0.356331351166551","-0.172007358939107","-0.0903015803075667","-0.0090230751120903","0.183252109539937","my_arc"
"b.prev_std.Stock.Quesnel.","-0.391992369981385","-0.18965220314121","-0.102614990597252","-0.0169379989591117","0.164119412554484","my_arc"
"b.prev_std.Stock.Raft.","-0.345522596810391","-0.171841536446369","-0.0961251008778419","-0.0136795351100126","0.162896335653699","my_arc"
"b.prev_std.Stock.Scotch.","-0.324627197397652","-0.16367756091661","-0.084508255308198","-0.00298316309730869","0.202516069603351","my_arc"
"b.prev_std.Stock.Seymour.","-0.321101003092471","-0.157184243928223","-0.0752127829670879","0.0104594128253477","0.26068878768524","my_arc"
"b.prev_std.Stock.Stellako.","-0.320127061069916","-0.158502278062056","-0.0796543533699526","0.00423761597061384","0.216730258689377","my_arc"
"b.prev_std.Stock.Weaver.","-0.396628852644294","-0.190478190416798","-0.10572793905104","-0.0278033390538894","0.153720014945407","my_arc"
"prev_std","-0.361239334004189","-0.19306233335717","-0.111106925335572","-0.0223382355962359","0.128710876409695","pa_kab"
"b.prev_std.Stock.Birkenhead.","-0.418255756907727","-0.193825147404937","-0.0883277119314004","0.0240024539207216","0.326509001272731","pa_kab"
"b.prev_std.Stock.Bowron.","-0.545352832945057","-0.225226134137559","-0.112151764932384","-0.00788101632041846","0.245703250146174","pa_kab"
"b.prev_std.Stock.Chilko.","-0.380010096555135","-0.172210198965","-0.0633182237034365","0.063287351026467","0.43704399537394","pa_kab"
"b.prev_std.Stock.E.Stuart.","-0.555787009407286","-0.246429458427302","-0.133098070175493","-0.0258353704018631","0.181394466195638","pa_kab"
"b.prev_std.Stock.Gates.","-0.399121337777371","-0.184199269277106","-0.0818934035610821","0.0254278550476352","0.295842167964002","pa_kab"
"b.prev_std.Stock.Harrison.","-0.382651944388563","-0.167241678455814","-0.0597518386795339","0.0500935118968835","0.366067230514194","pa_kab"
"b.prev_std.Stock.L.Shuswap.","-0.867025581425268","-0.353787315988619","-0.196749062942976","-0.0786570593336825","0.114451075675839","pa_kab"
"b.prev_std.Stock.L.Stuart.","-0.402122620767328","-0.19695171773552","-0.0968467650919573","0.000870382819587154","0.188512970817162","pa_kab"
"b.prev_std.Stock.Nadina.","-0.561430428853763","-0.23164306756705","-0.111680538599481","0.000772203845112859","0.254833444788757","pa_kab"
"b.prev_std.Stock.Pitt.","-0.40217450157149","-0.187063425206903","-0.0773174444492473","0.0342101415192618","0.326259537541597","pa_kab"
"b.prev_std.Stock.Portage.","-0.481959043972868","-0.201999297252386","-0.0875846252199143","0.0207748462429717","0.343969625621165","pa_kab"
"b.prev_std.Stock.Quesnel.","-0.539698577593378","-0.235967095513317","-0.115907008949915","0.00496405180970037","0.269888408025282","pa_kab"
"b.prev_std.Stock.Raft.","-0.56259479283626","-0.229411869347492","-0.114950819287068","-4.5204139789326e-05","0.296212524157627","pa_kab"
"b.prev_std.Stock.Scotch.","-0.562751237962632","-0.271724917217638","-0.15391642877107","-0.0478614204260189","0.139358813421432","pa_kab"
"b.prev_std.Stock.Seymour.","-0.32741872858072","-0.169964277141059","-0.0757302681323425","0.021965481977218","0.223897345103118","pa_kab"
"b.prev_std.Stock.Stellako.","-0.554689692964503","-0.242681050004507","-0.133004340420628","-0.0172093366095781","0.197172762789915","pa_kab"
"b.prev_std.Stock.Weaver.","-0.596204702758777","-0.254387272779085","-0.127793392475743","-0.0181128579232999","0.213531969414214","pa_kab"
"prev_std","-0.297658023683533","-0.162026989109678","-0.0878599587041629","-0.00743510337042364","0.155855173145178","pa_min"
"b.prev_std.Stock.Birkenhead.","-0.450648698692824","-0.206323034296842","-0.103651483508378","-0.0151496001292852","0.168320219520155","pa_min"
"b.prev_std.Stock.Bowron.","-0.38286221973552","-0.176019547689209","-0.0844361809809157","0.00366850420367693","0.202697002352618","pa_min"
"b.prev_std.Stock.Chilko.","-0.378716284775194","-0.177162996939861","-0.0801788857171805","0.00502941574860986","0.192536253670239","pa_min"
"b.prev_std.Stock.E.Stuart.","-0.31238993280775","-0.143097203196935","-0.0632778871574127","0.0334141778436514","0.242812156778468","pa_min"
"b.prev_std.Stock.Gates.","-0.394268068292339","-0.191776834985482","-0.0960960074837542","-0.0064085973444611","0.188816756061046","pa_min"
"b.prev_std.Stock.Harrison.","-0.326644045611171","-0.152299690493086","-0.0598510030420241","0.0424945714866471","0.288445868119379","pa_min"
"b.prev_std.Stock.L.Shuswap.","-0.415313838749129","-0.191940619769738","-0.0947539322121649","-0.00187656082912661","0.196089330579643","pa_min"
"b.prev_std.Stock.L.Stuart.","-0.360389497250902","-0.164447314860829","-0.0769168110468399","0.0204251564071572","0.225559296130384","pa_min"
"b.prev_std.Stock.Nadina.","-0.39088132704546","-0.175795554291829","-0.0828936795033377","0.00301796323142486","0.195858864078177","pa_min"
"b.prev_std.Stock.Pitt.","-0.322624074850619","-0.149519756741816","-0.0654885922690572","0.0257672817294007","0.243946582599126","pa_min"
"b.prev_std.Stock.Portage.","-0.388915929009039","-0.173918679699019","-0.084066809890759","0.00842668543597046","0.227964564212291","pa_min"
"b.prev_std.Stock.Quesnel.","-0.360637520039411","-0.1722418510235","-0.0818020101906622","0.0259324615201136","0.259119426356604","pa_min"
"b.prev_std.Stock.Raft.","-0.465696063311597","-0.212058799072436","-0.107160185951214","-0.0185367441016938","0.15880316473056","pa_min"
"b.prev_std.Stock.Scotch.","-0.358544392555271","-0.172574278904277","-0.079434948824849","0.0117166221295353","0.221341169526142","pa_min"
"b.prev_std.Stock.Seymour.","-0.384046680117372","-0.184977504231967","-0.0914552404734366","-0.00257841683554486","0.188544643174145","pa_min"
"b.prev_std.Stock.Stellako.","-0.329556572049965","-0.153310693108301","-0.061916867350615","0.035263606756222","0.26395629085324","pa_min"
"b.prev_std.Stock.Weaver.","-0.39326720130912","-0.18634593431207","-0.0952878787030158","-0.00317391150704994","0.189553898102393","pa_min"
"prev_std","-0.104604393652462","0.0296834206807919","0.109131354379438","0.177683603190957","0.311061263314067","pa_pse"
"b.prev_std.Stock.Birkenhead.","-0.170129869098249","0.0305288952404224","0.118423409792045","0.208053985757143","0.400171404730294","pa_pse"
"b.prev_std.Stock.Bowron.","-0.260848771608509","0.00783345779352849","0.108843791141458","0.193699115372404","0.41383935336937","pa_pse"
"b.prev_std.Stock.Chilko.","-0.237722699331102","0.00884519168731514","0.10872434055466","0.196468126819051","0.402472204767605","pa_pse"
"b.prev_std.Stock.E.Stuart.","-0.319508183992845","-0.0181279918663976","0.0868231103269018","0.175416083018999","0.343273805585933","pa_pse"
"b.prev_std.Stock.Gates.","-0.347350952474548","-0.0159221267127211","0.0865802090539595","0.175423760884775","0.357100385053722","pa_pse"
"b.prev_std.Stock.Harrison.","-0.241608023208884","0.00738275006306264","0.10833112155071","0.194691344635685","0.405993237930174","pa_pse"
"b.prev_std.Stock.L.Shuswap.","-0.0686450297322643","0.0726458510194697","0.156097834240214","0.246595876586409","0.461501280510516","pa_pse"
"b.prev_std.Stock.L.Stuart.","-0.190985560597887","0.0243681173820534","0.119137932765515","0.211378695097067","0.441168601768329","pa_pse"
"b.prev_std.Stock.Nadina.","-0.234375621407144","0.00884750157931151","0.10417338743858","0.19683144671717","0.38273435016778","pa_pse"
"b.prev_std.Stock.Pitt.","-0.29906485581575","-0.00284553793354385","0.0976231831454455","0.184223512469321","0.378253743130146","pa_pse"
"b.prev_std.Stock.Portage.","-0.23280753863129","-0.00457481073783966","0.0920075594122052","0.173188163768787","0.333195621787928","pa_pse"
"b.prev_std.Stock.Quesnel.","-0.262067884005987","-0.00596213881812096","0.0938484139326022","0.185510302499594","0.374183004388379","pa_pse"
"b.prev_std.Stock.Raft.","-0.105766287590293","0.0504321503055168","0.134016301528494","0.21927124463697","0.406803058498971","pa_pse"
"b.prev_std.Stock.Scotch.","-0.254056472685861","0.0080701215723654","0.114456954885785","0.200416072518842","0.394955261614165","pa_pse"
"b.prev_std.Stock.Seymour.","-0.287216530169667","-0.0154077639277051","0.0890761409795371","0.181855232377564","0.348819566481061","pa_pse"
"b.prev_std.Stock.Stellako.","-0.200251264947776","0.0245563604958438","0.120944793686438","0.209884686084186","0.422516332291106","pa_pse"
"b.prev_std.Stock.Weaver.","-0.0723426126771054","0.059601770295931","0.139905322521458","0.227395721863733","0.404937931697368","pa_pse"
"prev_std","-0.340139344914012","-0.195672113878533","-0.122891838312679","-0.048093727425659","0.0795960989871703","pa_ther"
"b.prev_std.Stock.Birkenhead.","-0.521119252430465","-0.24916085516416","-0.145323355864013","-0.0501001347332622","0.15563101191124","pa_ther"
"b.prev_std.Stock.Bowron.","-0.488761530277042","-0.214647986882339","-0.114022402785368","-0.0139823719160021","0.275190162475624","pa_ther"
"b.prev_std.Stock.Chilko.","-0.401143266978497","-0.187157362840109","-0.0909537419847029","0.0103437616889014","0.306882913075581","pa_ther"
"b.prev_std.Stock.E.Stuart.","-0.384283230865893","-0.191991221170023","-0.100829897151207","-0.0109798124051576","0.213330432719264","pa_ther"
"b.prev_std.Stock.Gates.","-0.659673119311618","-0.31091284332852","-0.192018711974238","-0.0897796727728422","0.0742353030656853","pa_ther"
"b.prev_std.Stock.Harrison.","-0.365832277507504","-0.183036814287516","-0.0844830753170372","0.01681277934524","0.327634625327471","pa_ther"
"b.prev_std.Stock.L.Shuswap.","-0.736600376825964","-0.326145406729069","-0.195996036119915","-0.0978524270597133","0.0633714871999688","pa_ther"
"b.prev_std.Stock.L.Stuart.","-0.434307344660295","-0.199508116859946","-0.103794558471464","-0.0170021867338797","0.241769570972994","pa_ther"
"b.prev_std.Stock.Nadina.","-0.555567269866562","-0.25249716487218","-0.144858141771029","-0.042567791064518","0.204703758815532","pa_ther"
"b.prev_std.Stock.Pitt.","-0.394613775404147","-0.197834118735446","-0.102036073552934","0.000240068827804873","0.262530583531655","pa_ther"
"b.prev_std.Stock.Portage.","-0.530724629650239","-0.238163317726669","-0.132994821015844","-0.0267398057820778","0.204390701569901","pa_ther"
"b.prev_std.Stock.Quesnel.","-0.462541260609017","-0.209121199238537","-0.115404319385863","-0.0146781993972436","0.258688243789586","pa_ther"
"b.prev_std.Stock.Raft.","-0.420337124499875","-0.212204147183602","-0.121503186926646","-0.0297881467128692","0.177659711115585","pa_ther"
"b.prev_std.Stock.Scotch.","-0.413899172917498","-0.200350206405003","-0.0989551372208884","0.0104943163331471","0.353063230757198","pa_ther"
"b.prev_std.Stock.Seymour.","-0.443290208154994","-0.20639525971804","-0.115842071882927","-0.0143139496992757","0.216852242599087","pa_ther"
"b.prev_std.Stock.Stellako.","-0.452350943392974","-0.231139675019295","-0.137897300486987","-0.0476165542616059","0.133174656412492","pa_ther"
"b.prev_std.Stock.Weaver.","-0.333968038943491","-0.158672693227551","-0.0609555220624378","0.0584471686925846","0.429514953494349","pa_ther"
"prev_std","-0.0629231597993311","0.0583558381861597","0.127381528582036","0.196587425155524","0.34310520490321","prv"
"b.prev_std.Stock.Birkenhead.","-0.0913720229415572","0.058600808354675","0.140363484730356","0.231080613360331","0.457053633578771","prv"
"b.prev_std.Stock.Bowron.","-0.162395598892125","0.0461393541435233","0.126356623114112","0.209144620926159","0.435795876677406","prv"
"b.prev_std.Stock.Chilko.","-0.0859713330372595","0.0647738393169202","0.144557297506153","0.233712001695525","0.521495479703272","prv"
"b.prev_std.Stock.E.Stuart.","-0.269767910743452","-0.00500055466249","0.0866850489613086","0.170827309505459","0.327686024123899","prv"
"b.prev_std.Stock.Gates.","-0.0970406313031686","0.0564142507913244","0.136158240575624","0.230536167748112","0.475448842433564","prv"
"b.prev_std.Stock.Harrison.","-0.201394529918087","0.0188265695307413","0.105630981804709","0.192198614886572","0.371563075651231","prv"
"b.prev_std.Stock.L.Shuswap.","-0.0792719834806537","0.075078588997011","0.158003732557769","0.255523577652853","0.583935051593144","prv"
"b.prev_std.Stock.L.Stuart.","-0.16421493759766","0.0319017701247045","0.115088641475768","0.197628610564385","0.391303763583949","prv"
"b.prev_std.Stock.Nadina.","-0.175766465307154","0.038821011047746","0.120018972834939","0.207141792137447","0.424527734910815","prv"
"b.prev_std.Stock.Pitt.","-0.190533822892965","0.018719216284181","0.102480558582784","0.190072869216812","0.366575749182149","prv"
"b.prev_std.Stock.Portage.","-0.116174746933685","0.0555062718961472","0.13910377291488","0.22408786410344","0.483840530268498","prv"
"b.prev_std.Stock.Quesnel.","-0.164503294216258","0.0393417828747691","0.126720173898931","0.213225568077384","0.463675041263345","prv"
"b.prev_std.Stock.Raft.","-0.198764432458962","0.0277085789002032","0.108536711218676","0.192195030018921","0.369894761959973","prv"
"b.prev_std.Stock.Scotch.","-0.121799326100662","0.0497430592473681","0.131296656841027","0.215857246602095","0.43753218181747","prv"
"b.prev_std.Stock.Seymour.","-0.152813526955428","0.0398563545930363","0.126098892076179","0.210849105878247","0.423300980986208","prv"
"b.prev_std.Stock.Stellako.","-0.118452347727832","0.052871422576391","0.134643710769518","0.223175993099195","0.464108447449892","prv"
"b.prev_std.Stock.Weaver.","-0.165064986705473","0.0313784471825249","0.112522610703944","0.193749290040299","0.385220937636593","prv"
"prev_std","-0.53142310713126","-0.160820410305443","-0.0473440800881855","0.0406566597337424","0.249313688336208","pspv"
"b.prev_std.Stock.Birkenhead.","-0.765272041073194","-0.177886394232213","-0.0379705245503645","0.0834177201426121","0.498125009021104","pspv"
"b.prev_std.Stock.Bowron.","-0.862568710627154","-0.184370597554586","-0.0426560963061023","0.0743160869427558","0.50859369069408","pspv"
"b.prev_std.Stock.Chilko.","-0.178791533369081","-0.0417039289984859","0.0236755103089967","0.0933041154745769","0.235063032067363","pspv"
"b.prev_std.Stock.E.Stuart.","-0.84304398029426","-0.202183413690847","-0.0515283347041472","0.0675114789919524","0.505609925944932","pspv"
"b.prev_std.Stock.Gates.","-0.865431597040254","-0.217118781839956","-0.0587582254549952","0.0594489002278055","0.431966322577065","pspv"
"b.prev_std.Stock.Harrison.","-0.792671189267368","-0.175621560981072","-0.0446750333876857","0.0682845078690742","0.453900957841261","pspv"
"b.prev_std.Stock.L.Shuswap.","-0.71453469260029","-0.193764826644676","-0.0545074323323142","0.0641760587316458","0.381518760743099","pspv"
"b.prev_std.Stock.L.Stuart.","-0.794624673345728","-0.180281403421508","-0.0412792131157658","0.079231014954298","0.566700404673018","pspv"
"b.prev_std.Stock.Nadina.","-0.756076417888805","-0.174486060962542","-0.0441824275833816","0.0704987190480278","0.477465321738137","pspv"
"b.prev_std.Stock.Pitt.","-0.835352930104518","-0.208707214440265","-0.0491807269561323","0.0635848026853999","0.457564138869575","pspv"
"b.prev_std.Stock.Portage.","-0.762124990713389","-0.180853380113561","-0.0410654375402201","0.0791720104739626","0.514646709002883","pspv"
"b.prev_std.Stock.Quesnel.","-0.782273445040771","-0.177773771907464","-0.0324273583468337","0.0862976456690491","0.551450289511063","pspv"
"b.prev_std.Stock.Raft.","-0.759465901484409","-0.193736742796649","-0.0448836788232671","0.0664617848353103","0.481242340283035","pspv"
"b.prev_std.Stock.Scotch.","-0.564809485613753","-0.264605244484956","-0.124411034745954","-0.0159969663045278","0.140164256550898","pspv"
"b.prev_std.Stock.Seymour.","-0.723593098501605","-0.186172702032199","-0.0450147719816449","0.0744994257623077","0.490993576141602","pspv"
"b.prev_std.Stock.Stellako.","-0.719366704123342","-0.16606074346957","-0.035121102983366","0.0885187495694764","0.558047897438463","pspv"
"b.prev_std.Stock.Weaver.","-0.9630003419238","-0.209833482421522","-0.0595394177326737","0.0610816617401767","0.474986655384088","pspv"
"prev_std","-0.332359567013792","-0.173085563017193","-0.0968573964679408","-0.0232084363206865","0.139871268527275","rlo"
"b.prev_std.Stock.Birkenhead.","-0.42779347114769","-0.191298121535452","-0.103800694963542","-0.0148542517751159","0.188301728593565","rlo"
"b.prev_std.Stock.Bowron.","-0.456258518710396","-0.192900794317952","-0.0940586389045321","-0.0101562770139208","0.268836813161747","rlo"
"b.prev_std.Stock.Chilko.","-0.436770205807179","-0.181156564256624","-0.0943390434521784","-0.00802422678371203","0.244770115007861","rlo"
"b.prev_std.Stock.E.Stuart.","-0.513840878508613","-0.209457743593386","-0.107948506694462","-0.0209707627383274","0.184730014117154","rlo"
"b.prev_std.Stock.Gates.","-0.473968712872642","-0.196211016670107","-0.100390778882862","-0.00973069829126216","0.252115061529491","rlo"
"b.prev_std.Stock.Harrison.","-0.445785549782801","-0.190734315517055","-0.0920262551397746","-0.0121466312876027","0.24569598324088","rlo"
"b.prev_std.Stock.L.Shuswap.","-0.406848802518547","-0.180640324081072","-0.0855976889740427","0.000457273853408302","0.241030409325099","rlo"
"b.prev_std.Stock.L.Stuart.","-0.322578398646056","-0.162944649454974","-0.0804676206788503","3.71928164462226e-05","0.20120329003469","rlo"
"b.prev_std.Stock.Nadina.","-0.474272905789065","-0.190145678241716","-0.0981736769515459","-0.0120918333006011","0.250017431097589","rlo"
"b.prev_std.Stock.Pitt.","-0.370950193894317","-0.177577403410884","-0.087382956959603","-0.00075797319609861","0.292553096978962","rlo"
"b.prev_std.Stock.Portage.","-0.444910653975426","-0.185911314224298","-0.0902634585751778","-0.00423711751667847","0.278607177714334","rlo"
"b.prev_std.Stock.Quesnel.","-0.410834813101906","-0.174800253233456","-0.0876926546788289","0.00343216269984649","0.304246953010603","rlo"
"b.prev_std.Stock.Raft.","-0.3024765565937","-0.168437622310863","-0.102228244733878","-0.0424899656823877","0.0914400573623085","rlo"
"b.prev_std.Stock.Scotch.","-0.446854692140298","-0.185519189586628","-0.092347116106437","-0.00849256476548461","0.284349559330139","rlo"
"b.prev_std.Stock.Seymour.","-0.491848323085112","-0.203728586151553","-0.110174491688725","-0.0215670939320804","0.202104968539642","rlo"
"b.prev_std.Stock.Stellako.","-0.429018407766696","-0.17898580032081","-0.0855288257587444","0.0069706427660575","0.313204337026952","rlo"
"b.prev_std.Stock.Weaver.","-0.485689799612785","-0.198414954549572","-0.0979547691146794","-0.0123754540776868","0.215076584245643","rlo"
"prev_std","-0.202098784343994","-0.0524878841820855","0.021637329852441","0.0970484401217481","0.242216049280222","sch"
"b.prev_std.Stock.Birkenhead.","-0.242878096010237","-0.0586186187251135","0.0261175011100763","0.11144649590602","0.282097673350116","sch"
"b.prev_std.Stock.Bowron.","-0.318261573995636","-0.0799122706697934","0.00903502728968177","0.106698285007452","0.308164755318032","sch"
"b.prev_std.Stock.Chilko.","-0.237911523489739","-0.0489037083189364","0.037893450878659","0.135511274332766","0.386189317321864","sch"
"b.prev_std.Stock.E.Stuart.","-0.349400124592855","-0.0980879391929135","0.000580300326214764","0.0922915398259513","0.260481263990262","sch"
"b.prev_std.Stock.Gates.","-0.302101107464993","-0.0788526844174498","0.0122879322217469","0.0976634851948185","0.298498485655056","sch"
"b.prev_std.Stock.Harrison.","-0.244751919958435","-0.0578072867259031","0.030028832964443","0.121944384051927","0.337996154277092","sch"
"b.prev_std.Stock.L.Shuswap.","-0.314523439465037","-0.087111477290675","0.00408123063920837","0.0872476611762382","0.272362810953841","sch"
"b.prev_std.Stock.L.Stuart.","-0.246486909055665","-0.0659099128828337","0.0250176345210233","0.112743731037146","0.30434383060249","sch"
"b.prev_std.Stock.Nadina.","-0.25028247826523","-0.0621667286523655","0.0303378302028188","0.121916311965952","0.356533538388533","sch"
"b.prev_std.Stock.Pitt.","-0.26112453758868","-0.0708819201183053","0.0208021173491352","0.109773636016032","0.298145484256318","sch"
"b.prev_std.Stock.Portage.","-0.285932326684464","-0.0667194854032762","0.0282080243052508","0.121389256676305","0.367408328995962","sch"
"b.prev_std.Stock.Quesnel.","-0.290122970297664","-0.065333616986961","0.0268590630521855","0.115479875565539","0.360793093987833","sch"
"b.prev_std.Stock.Raft.","-0.299746624140625","-0.0747996671964549","0.0169094677498328","0.106449278903257","0.312627349201497","sch"
"b.prev_std.Stock.Scotch.","-0.269694178887877","-0.0752809406039813","0.0166581292542872","0.103777611719426","0.284517246198599","sch"
"b.prev_std.Stock.Seymour.","-0.224764701329762","-0.0485870919248298","0.0373516646529844","0.128066076740784","0.364370518697006","sch"
"b.prev_std.Stock.Stellako.","-0.316427169265664","-0.103691634993517","-0.0136450024193491","0.0718464140909289","0.223482692970812","sch"
"b.prev_std.Stock.Weaver.","-0.220540703203335","-0.0527071194361193","0.0328103136496211","0.125839353304435","0.315698547621828","sch"
"prev_std","-0.122255543547056","0.0239353509269769","0.0984942099403131","0.176994205318092","0.362814762960249","sp_des"
"b.prev_std.Stock.Birkenhead.","-0.141631471562187","0.000521919310796896","0.0720138660172188","0.134662091448358","0.267624852951943","sp_des"
"b.prev_std.Stock.Bowron.","-0.230289929227025","0.00174863854579363","0.0938266360722849","0.18854573900014","0.499566080981167","sp_des"
"b.prev_std.Stock.Chilko.","-0.185684410119088","0.0144228092567633","0.103327486482852","0.200132121275521","0.492895966470016","sp_des"
"b.prev_std.Stock.E.Stuart.","-0.280032567354682","-0.00163288447072723","0.0891943010767653","0.182861991163335","0.492273056276649","sp_des"
"b.prev_std.Stock.Gates.","-0.330524039993771","-0.00930878386067792","0.0877791300626038","0.18217974184722","0.455306150453497","sp_des"
"b.prev_std.Stock.Harrison.","-0.136001334686202","0.0283807550867242","0.111794698322902","0.203796811273578","0.462916097525943","sp_des"
"b.prev_std.Stock.L.Shuswap.","-0.28358558507687","-0.00537809530467215","0.081754582339736","0.176431370409533","0.430296323147699","sp_des"
"b.prev_std.Stock.L.Stuart.","-0.232007245459484","0.0116151296163931","0.0995097966610614","0.197888598219691","0.549833390753774","sp_des"
"b.prev_std.Stock.Nadina.","-0.255107172278983","0.0052245607603534","0.0933450382809203","0.189700752558108","0.508256213243875","sp_des"
"b.prev_std.Stock.Pitt.","-0.123061879298047","0.0358667415136848","0.110901317924042","0.198333765235689","0.37569856285093","sp_des"
"b.prev_std.Stock.Portage.","-0.259822402565904","0.00591076401201156","0.101015330620047","0.197205301771844","0.495065461411644","sp_des"
"b.prev_std.Stock.Quesnel.","-0.205633497060645","0.0194521104817986","0.111303791248524","0.209169975457848","0.607878194685813","sp_des"
"b.prev_std.Stock.Raft.","-0.253779517171381","0.00134895305574718","0.0942396102671484","0.190620236898014","0.45478590915955","sp_des"
"b.prev_std.Stock.Scotch.","-0.242552297653714","0.00966025448804591","0.102943260797727","0.192889634139087","0.517627656212123","sp_des"
"b.prev_std.Stock.Seymour.","-0.294529102909017","-0.000506577805651899","0.0906433640573314","0.187401680905644","0.507749849061283","sp_des"
"b.prev_std.Stock.Stellako.","-0.225575933529371","0.00606802961621955","0.0973679676848419","0.198120844788892","0.517543615775893","sp_des"
"b.prev_std.Stock.Weaver.","-0.271595078777108","0.000326011566690061","0.088893750478752","0.188214973839803","0.485256928485932","sp_des"
"prev_std","-0.351432617304678","-0.0564595385859614","0.0371077331378871","0.123514532900959","0.366547980891577","te_bry"
"b.prev_std.Stock.Birkenhead.","-0.526317256931267","-0.0687519442647802","0.0428616096841276","0.152058117108435","0.599550524947531","te_bry"
"b.prev_std.Stock.Bowron.","-0.620417349390308","-0.0841671689103685","0.0344685193023624","0.141016832030795","0.592782534080263","te_bry"
"b.prev_std.Stock.Chilko.","-0.512789623636438","-0.0641305395666095","0.0392073814692817","0.154321665351211","0.590920009575021","te_bry"
"b.prev_std.Stock.E.Stuart.","-0.158105071105014","-0.0325468962878616","0.0354785635926542","0.101930239145599","0.235444727362383","te_bry"
"b.prev_std.Stock.Gates.","-0.651993058962668","-0.0907638157166812","0.0277394525937097","0.138406921279863","0.566104980544376","te_bry"
"b.prev_std.Stock.Harrison.","-0.569868748949003","-0.0841340275901095","0.031373098966127","0.130962044409404","0.472673553982207","te_bry"
"b.prev_std.Stock.L.Shuswap.","-0.317432877230193","-0.0286612520053163","0.069540071855145","0.207310429358435","0.819066553467376","te_bry"
"b.prev_std.Stock.L.Stuart.","-0.418898202941964","-0.0566715782880974","0.0492115812525038","0.169920622221347","0.745770850175144","te_bry"
"b.prev_std.Stock.Nadina.","-0.600084628199988","-0.0920057601462056","0.0269421988744579","0.130643706032086","0.467953119065062","te_bry"
"b.prev_std.Stock.Pitt.","-0.644887759836315","-0.0925963571612066","0.0258786794456581","0.135602648311114","0.537919762699708","te_bry"
"b.prev_std.Stock.Portage.","-0.497865651171557","-0.0763104414205897","0.0408131201588141","0.152961958530398","0.628538104531648","te_bry"
"b.prev_std.Stock.Quesnel.","-0.603686186265941","-0.0712355723696276","0.0425299627192477","0.158931026644776","0.618592191091525","te_bry"
"b.prev_std.Stock.Raft.","-0.586775468742631","-0.0822945237950567","0.0341518701377007","0.146648852994948","0.561550039005313","te_bry"
"b.prev_std.Stock.Scotch.","-0.555710614786487","-0.0841011958787953","0.038228305091744","0.149423025862397","0.511766048019401","te_bry"
"b.prev_std.Stock.Seymour.","-0.675501231992058","-0.117917090336012","0.0143765155446024","0.118909593120358","0.423594638645365","te_bry"
"b.prev_std.Stock.Stellako.","-0.511506171110067","-0.0625389096544978","0.0474392047912809","0.159069139765629","0.65131831330233","te_bry"
"b.prev_std.Stock.Weaver.","-0.650532344437538","-0.0951417923962201","0.0214648615194219","0.129356174247961","0.528775462467938","te_bry"
"prev_std","-0.396368287327861","-0.216627914223439","-0.136145569287144","-0.0463288089486643","0.107776409925783","te_mar"
"b.prev_std.Stock.Birkenhead.","-0.450644821992223","-0.222059674338219","-0.127601739341448","-0.0242416764225773","0.237017380285505","te_mar"
"b.prev_std.Stock.Bowron.","-0.482353343353501","-0.233683187367822","-0.136987944350328","-0.0343460629060392","0.217515225932531","te_mar"
"b.prev_std.Stock.Chilko.","-0.500078668987058","-0.241869464398801","-0.136393960084169","-0.0353985210389888","0.238524577137786","te_mar"
"b.prev_std.Stock.E.Stuart.","-0.469767121150244","-0.259339834152555","-0.167779018393846","-0.0801164060700721","0.0918870201162259","te_mar"
"b.prev_std.Stock.Gates.","-0.46369135285352","-0.234992724699641","-0.140923780212719","-0.0415443217751349","0.167547878385371","te_mar"
"b.prev_std.Stock.Harrison.","-0.482379389169682","-0.236862342361929","-0.136045407409839","-0.0320864125826279","0.194082233013561","te_mar"
"b.prev_std.Stock.L.Shuswap.","-0.511683435472785","-0.255381233033835","-0.152375913643745","-0.0443692817666262","0.159833102797301","te_mar"
"b.prev_std.Stock.L.Stuart.","-0.405065645492866","-0.211698321475499","-0.118838492442706","-0.0164433829362158","0.225024267656701","te_mar"
"b.prev_std.Stock.Nadina.","-0.44333772770178","-0.232639059208239","-0.134679145486103","-0.0377206287638847","0.145952941089989","te_mar"
"b.prev_std.Stock.Pitt.","-0.374106060039578","-0.202931677121856","-0.112863209009431","-0.0225856666027432","0.15895443395924","te_mar"
"b.prev_std.Stock.Portage.","-0.484804760259759","-0.232489302066534","-0.130624578249428","-0.0278058874410926","0.216772288651565","te_mar"
"b.prev_std.Stock.Quesnel.","-0.45427350172074","-0.227802275177891","-0.130804465876537","-0.0279945185343499","0.225826685968877","te_mar"
"b.prev_std.Stock.Raft.","-0.494766459018193","-0.230389667255729","-0.139208496546681","-0.0288746294249562","0.201823612023801","te_mar"
"b.prev_std.Stock.Scotch.","-0.444963855422454","-0.226462869891804","-0.129973843103843","-0.0255731929570699","0.212319444969142","te_mar"
"b.prev_std.Stock.Seymour.","-0.545466286013191","-0.253760122234582","-0.153189234994891","-0.0519055019628977","0.168732527930441","te_mar"
"b.prev_std.Stock.Stellako.","-0.423760978571515","-0.216235536491979","-0.114697945737364","-0.0143925724448805","0.249084364208325","te_mar"
"b.prev_std.Stock.Weaver.","-0.529964021590847","-0.253727015299927","-0.150858398690775","-0.0474208556108688","0.162174809987175","te_mar"
"prev_std","-0.329156500894617","-0.186847041852798","-0.112840784594891","-0.0364501925925954","0.0979428537038441","ven"
"b.prev_std.Stock.Birkenhead.","-0.337297857939025","-0.166114886847038","-0.0697738256842964","0.0439282953404725","0.400755656102118","ven"
"b.prev_std.Stock.Bowron.","-0.538576374310399","-0.228452729372226","-0.12742410692994","-0.0140445262947741","0.260906026460437","ven"
"b.prev_std.Stock.Chilko.","-0.357980845985441","-0.171537647789475","-0.0705495910536153","0.0478344397407082","0.454535378270575","ven"
"b.prev_std.Stock.E.Stuart.","-0.486216328655167","-0.225761927324308","-0.126288168125282","-0.0214839503396803","0.221588001718774","ven"
"b.prev_std.Stock.Gates.","-0.60021029252499","-0.24324903158564","-0.135304733025224","-0.0330392861906489","0.193960560241799","ven"
"b.prev_std.Stock.Harrison.","-0.419533135059776","-0.203996793447984","-0.104524195444632","0.00341049787189397","0.294274315179915","ven"
"b.prev_std.Stock.L.Shuswap.","-0.700996477380278","-0.283653337712123","-0.170389597057143","-0.0689210402957756","0.109163517779458","ven"
"b.prev_std.Stock.L.Stuart.","-0.507238685636214","-0.2584748669679","-0.165570371051652","-0.0749249861225427","0.0969976808635345","ven"
"b.prev_std.Stock.Nadina.","-0.460291272914387","-0.217384806282199","-0.12510883259528","-0.0340504223510385","0.166715649648392","ven"
"b.prev_std.Stock.Pitt.","-0.455940001179316","-0.198810660718138","-0.0940874846442682","0.012212115666268","0.367790472682747","ven"
"b.prev_std.Stock.Portage.","-0.462662880051881","-0.208638419743208","-0.106886781535825","0.00200538277605806","0.341493425164144","ven"
"b.prev_std.Stock.Quesnel.","-0.505067712889134","-0.225643973912141","-0.129113896454995","-0.0244087386516592","0.186848414398055","ven"
"b.prev_std.Stock.Raft.","-0.298715187706312","-0.14607519568362","-0.0490251428185164","0.0664579941488682","0.339894445783137","ven"
"b.prev_std.Stock.Scotch.","-0.437684428405529","-0.198248139083884","-0.100781346316145","-0.00103807262078813","0.349868848968924","ven"
"b.prev_std.Stock.Seymour.","-0.37879100931444","-0.195699218146215","-0.114162016996147","-0.0242600705559052","0.150767773545288","ven"
"b.prev_std.Stock.Stellako.","-0.476031538033039","-0.245318871403264","-0.156703727937652","-0.0675733580083883","0.0967417661965752","ven"
"b.prev_std.Stock.Weaver.","-0.589549797672568","-0.244730179837792","-0.134501466181117","-0.0320604371614763","0.178347020203475","ven"
